Timestamp;Step;Heading;;;;direzione;shift;sigma;;direzione;shift;sigma;;direzione;shift;sigma;;direzione;shift;sigma;;;;
;;;;;;-124;-11;19;;145;-14;12;;56;-12;11;;-35;-5;15;;;;
;;;;;;;-154;-116;;;119;143;;;33;55;;;-55;-25;;;;
1649338316881;0,800000012;-2,302354813;;228,0847863;-131,9152137;;-124;0;0;0;;;-124;;;;;;;;;;;
1649338317425;0,800000012;-2,302354813;;228,0847863;-131,9152137;;-124;0;0;0;;;-124;;;;;;;;;;;
1649338318029;0,800000012;-2,229042292;;232,2852843;-127,7147157;;-124;0;0;0;;;-124;;;;;;;;;;;
1649338318633;0,800000012;-2,229042292;;232,2852843;-127,7147157;;-124;0;0;0;;;-124;;;;;;;;;;;
1649338319079;0,800000012;-2,140733719;;237,3449928;-122,6550072;;-124;0;0;0;;;-124;;;;;;;;;;;
1649338319664;0,800000012;-2,140733719;;237,3449928;-122,6550072;;-124;0;0;0;;;-124;;;;;;;;;;;
1649338320151;0,800000012;-2,322761297;;226,9155809;-133,0844191;;-124;0;0;0;;;-124;;;;;;;;;;;
1649338320636;0,800000012;-2,322761297;;226,9155809;-133,0844191;;-124;0;0;0;;;-124;;;;;;;;;;;
1649338321260;0,800000012;-2,277269602;;229,522063;-130,477937;;-124;0;0;0;;;-124;;;;;;;;;;;
1649338321746;0,800000012;-2,277269602;;229,522063;-130,477937;;-124;0;0;0;;;-124;;;;;;;;;;;
1649338322311;0,800000012;-2,185337067;;234,7894093;-125,2105907;;-124;0;0;0;;;-124;;;;;;;;;;;
1649338322913;0,800000012;-2,185337067;;234,7894093;-125,2105907;;-124;0;0;0;;;-124;;;;;;;;;;;
1649338323362;0,800000012;-2,300355434;;228,1993422;-131,8006578;;-124;0;0;0;;;-124;;;;;;;;;;;
1649338323946;0,800000012;-2,300355434;;228,1993422;-131,8006578;;-124;0;0;0;;;-124;;;;;;;;;;;
1649338324392;0,800000012;-2,509662151;;216,2069507;-143,7930493;;-124;0;0;0;;;-124;;;;;;;;;;;
1649338324938;0,800000012;-2,509662151;;216,2069507;-143,7930493;;-124;0;0;0;;;-124;;;;;;;;;;;
1649338325443;0,800000012;-2,469974279;;218,4808983;-141,5191017;;-124;0;0;0;;;-124;;;;;;;;;;;
1649338326009;0,800000012;-2,469974279;;218,4808983;-141,5191017;;-124;0;0;0;;;-124;;;;;;;;;;;
1649338326494;0,800000012;-2,512423038;;216,0487635;-143,9512365;;-124;0;0;0;;;-124;;;;;;;;;;;
1649338327117;0,800000012;-2,512423038;;216,0487635;-143,9512365;;-124;0;0;0;;;-124;;;;;;;;;;;
1649338327682;0,800000012;-2,26513958;;230,2170621;-129,7829379;;-124;0;0;0;;;-124;;;;;;;;;;;
1649338328189;0,800000012;-2,248025179;;231,197645;-128,802355;;-124;0;0;0;;;-124;;;;;;;;;;;
1649338328577;0,800000012;-2,248025179;;231,197645;-128,802355;;-124;0;0;0;;;-124;;;;;;;;;;;
1649338329141;0,800000012;-2,248025179;;231,197645;-128,802355;;-124;0;0;0;;;-124;;;;;;;;;;;
1649338329746;0,800000012;-2,308648109;;227,7242069;-132,2757931;;-124;0;0;0;;;-124;;;;;;;;;;;
1649338330251;0,800000012;-2,308648109;;227,7242069;-132,2757931;;-124;0;0;0;;;-124;;;;;;;;;;;
1649338330679;0,800000012;-2,153069258;;236,6382185;-123,3617815;;-124;0;0;0;;;-124;;;;;;;;;;;
1649338331186;0,800000012;-2,091080666;;240,1899032;-119,8100968;;-124;0;0;0;;;-124;;;;;;;;;;;
1649338331749;0,800000012;-2,091080666;;240,1899032;-119,8100968;;-124;0;0;0;;;-124;;;;;;;;;;;
1649338332216;0,800000012;-2,025614023;;243,9408655;-116,0591345;;-124;0;0;0;;;-124;;;;;;;;;;;
1649338332722;0,800000012;-2,025614023;;243,9408655;-116,0591345;;-124;0;0;0;;;-124;;;;;;;;;;;
1649338333249;0,800000012;-2,195441961;;234,2104415;-125,7895585;;-124;0;0;0;;;-124;;;;;;;;;;;
1649338333773;0,800000012;-2,195441961;;234,2104415;-125,7895585;;-124;0;0;0;;;-124;;;;;;;;;;;
1649338334279;0,800000012;-2,066909313;;241,5748197;-118,4251803;;-124;0;0;0;;;-124;;;;;;;;;;;
1649338334942;0,800000012;-2,066909313;;241,5748197;-118,4251803;;-124;0;0;0;;;-124;;;;;;;;;;;
1649338335428;0,800000012;-2,011818171;;244,7313097;-115,2686903;;0;0;0;0;;;0;;;;;;;;;;;
1649338335818;0,800000012;-2,011818171;;244,7313097;-115,2686903;;0;0;0;0;;;0;;;;;;;;;;;
1649338336305;0,800000012;-2,165680885;;235,9156255;-124,0843745;;-124;0;0;0;;;-124;;;;;;;;;;;
1649338336849;0,800000012;-2,165680885;;235,9156255;-124,0843745;;-124;0;0;0;;;-124;;;;;;;;;;;
1649338337316;0,800000012;-2,143708706;;237,1745386;-122,8254614;;-124;0;0;0;;;-124;;;;;;;;;;;
1649338337841;0,800000012;-2,143708706;;237,1745386;-122,8254614;;-124;0;0;0;;;-124;;;;;;;;;;;
1649338338329;0,800000012;-2,205015182;;233,6619363;-126,3380637;;-124;0;0;0;;;-124;;;;;;;;;;;
1649338338854;0,800000012;-2,205015182;;233,6619363;-126,3380637;;-124;0;0;0;;;-124;;;;;;;;;;;
1649338339456;0,800000012;-2,259718418;;230,5276718;-129,4723282;;-124;0;0;0;;;-124;;;;;;;;;;;
1649338339865;0,800000012;-2,259718418;;230,5276718;-129,4723282;;-124;0;0;0;;;-124;;;;;;;;;;;
1649338340391;0,800000012;-2,202654362;;233,7972013;-126,2027987;;-124;0;0;0;;;-124;;;;;;;;;;;
1649338340877;0,800000012;-2,202654362;;233,7972013;-126,2027987;;-124;0;0;0;;;-124;;;;;;;;;;;
1649338341404;0,800000012;-2,199722052;;233,9652103;-126,0347897;;-124;0;0;0;;;-124;;;;;;;;;;;
1649338341890;0,800000012;-2,199722052;;233,9652103;-126,0347897;;-124;0;0;0;;;-124;;;;;;;;;;;
1649338342416;0,800000012;-1,956933022;;247,8759971;-112,1240029;;0;0;0;0;;;0;;;;;;;;;;;
1649338343058;0,800000012;-1,956933022;;247,8759971;-112,1240029;;0;0;0;0;;;0;;;;;;;;;;;
1649338343545;0,800000012;-1,903440356;;250,940901;-109,059099;;0;0;0;0;;;0;;;;;;;;;;;
1649338343952;0,800000012;-1,903440356;;250,940901;-109,059099;;0;0;0;0;;;0;;;;;;;;;;;
1649338344458;0,800000012;-2,118071795;;238,6434255;-121,3565745;;-124;0;0;0;;;-124;;;;;;;;;;;
1649338345003;0,800000012;-2,118071795;;238,6434255;-121,3565745;;-124;0;0;0;;;-124;;1649338345000;10,42163423;43,71825451;6,158354282;71,92364502;6,31961441;260,7999878;25,5524025;4,239999771;1,856986761
1649338345490;0,800000012;-2,150145531;;236,8057358;-123,1942642;;-124;0;0;0;;;-124;;;;;;;;;;;
1649338346036;0,800000012;-2,150145531;;236,8057358;-123,1942642;;-124;0;0;0;;;-124;;;;;;;;;;;
1649338346561;0,800000012;-1,948533177;;248,3572727;-111,6427273;;0;0;0;0;;;0;;;;;;;;;;;
1649338347087;0,800000012;-1,948533177;;248,3572727;-111,6427273;;0;0;0;0;;;0;;;;;;;;;;;
1649338347709;0,800000012;-2,164611101;;235,9769196;-124,0230804;;-124;0;0;0;;;-124;;;;;;;;;;;
1649338348118;0,800000012;-2,164611101;;235,9769196;-124,0230804;;-124;0;0;0;;;-124;;;;;;;;;;;
1649338348741;0,800000012;-2,132835865;;237,7975065;-122,2024935;;-124;0;0;0;;;-124;;;;;;;;;;;
1649338349150;0,800000012;-2,048971415;;242,6025856;-117,3974144;;-124;0;0;0;;;-124;;;;;;;;;;;
1649338349674;0,800000012;-2,048971415;;242,6025856;-117,3974144;;-124;0;0;0;;;-124;;;;;;;;;;;
1649338350200;0,800000012;-2,048971415;;242,6025856;-117,3974144;;-124;0;0;0;;;-124;;;;;;;;;;;
1649338350824;0,800000012;-2,027271509;;243,8458986;-116,1541014;;-124;0;0;0;;;-124;;;;;;;;;;;
1649338351368;0,800000012;-2,148134708;;236,9209474;-123,0790526;;-124;0;0;0;;;-124;;1649338351000;10,42149834;43,71815792;13,70120811;75,29199219;8,414191246;223;55,44630051;2,160000086;2,397540331
1649338351757;0,800000012;-2,101932526;;239,5681375;-120,4318625;;-124;0;0;0;;;-124;;;;;;;;;;;
1649338352264;0,800000012;-2,101932526;;239,5681375;-120,4318625;;-124;0;0;0;;;-124;;;;;;;;;;;
1649338352848;0,800000012;-2,101932526;;239,5681375;-120,4318625;;-124;0;0;0;;;-124;;;;;;;;;;;
1649338353294;0,800000012;-2,02535677;;243,9556051;-116,0443949;;-124;0;0;0;;;-124;;;;;;;;;;;
1649338353820;0,800000012;-2,02535677;;243,9556051;-116,0443949;;-124;0;0;0;;;-124;;;;;;;;;;;
1649338354345;0,800000012;-2,225479364;;232,489425;-127,510575;;-124;0;0;0;;;-124;;;;;;;;;;;
1649338354890;0,800000012;-2,225479364;;232,489425;-127,510575;;-124;0;0;0;;;-124;;;;;;;;;;;
1649338355339;0,800000012;-2,136568308;;237,5836533;-122,4163467;;-124;0;0;0;;;-124;;;;;;;;;;;
1649338355863;0,800000012;-2,136568308;;237,5836533;-122,4163467;;-124;0;0;0;;;-124;;;;;;;;;;;
1649338356409;0,800000012;-2,430877924;;220,7209544;-139,2790456;;-124;0;0;0;;;-124;;;;;;;;;;;
1649338356992;0,800000012;-2,430877924;;220,7209544;-139,2790456;;-124;0;0;0;;;-124;;;;;;;;;;;
1649338357440;0,800000012;-2,57041502;;212,7260678;-147,2739322;;-124;0;0;0;;;-124;;;;;;;;;;;
1649338358024;0,800000012;-2,57041502;;212,7260678;-147,2739322;;-124;0;0;0;;;-124;;;;;;;;;;;
1649338358491;0,800000012;-2,482067585;;217,7880029;-142,2119971;;-124;0;0;0;;;-124;;;;;;;;;;;
1649338359095;0,800000012;-2,482067585;;217,7880029;-142,2119971;;-124;0;0;0;;;-124;;;;;;;;;;;
1649338359621;0,800000012;-2,520838261;;215,5666068;-144,4333932;;-124;0;0;0;;;-124;;;;;;;;;;;
1649338360087;0,800000012;-2,520838261;;215,5666068;-144,4333932;;-124;0;0;0;;;-124;;1649338360000;10,42138631;43,71803574;4,53876543;57,13134766;5,140599251;232,8000031;23,51280403;1,669999957;0,80280757
1649338360555;0,800000012;-2,142212152;;237,2602848;-122,7397152;;-124;0;0;0;;;-124;;;;;;;;;;;
1649338361080;0,800000012;-2,142212152;;237,2602848;-122,7397152;;-124;0;0;0;;;-124;;;;;;;;;;;
1649338361644;0,800000012;-2,292257309;;228,6633306;-131,3366694;;-124;0;0;0;;;-124;;;;;;;;;;;
1649338362267;0,800000012;-2,074887276;;241,1177161;-118,8822839;;-124;0;0;0;;;-124;;;;;;;;;;;
1649338362811;0,800000012;-2,074887276;;241,1177161;-118,8822839;;-124;0;0;0;;;-124;;;;;;;;;;;
1649338363337;0,800000012;-2,506224632;;216,4039061;-143,5960939;;-124;0;0;0;;;-124;;;;;;;;;;;
1649338363921;0,800000012;-2,506224632;;216,4039061;-143,5960939;;-124;0;0;0;;;-124;;;;;;;;;;;
1649338364271;0,800000012;2,318674326;;132,8502529;132,8502529;;0;145;0;0;;;145;;;;;;;;;;;
1649338364798;0,800000012;2,318674326;;132,8502529;132,8502529;;0;145;0;0;;;145;;;;;;;;;;;
1649338365343;0,800000012;2,288510084;;131,1219692;131,1219692;;0;145;0;0;;;145;;;;;;;;;;;
1649338365809;0,800000012;2,288510084;;131,1219692;131,1219692;;0;145;0;0;;;145;;;;;;;;;;;
1649338366355;0,800000012;2,606012821;;149,313536;149,313536;;0;0;0;0;;;0;;1649338366000;10,42133046;43,71796687;6,688272953;57,20568848;7,581131935;213,8000031;28,37376976;1,960000038;1,067801476
1649338367015;0,800000012;2,606012821;;149,313536;149,313536;;0;0;0;0;;;0;;;;;;;;;;;
1649338367405;0,800000012;2,622793436;;150,2749944;150,2749944;;0;0;0;0;;;0;;;;;;;;;;;
1649338367930;0,800000012;2,622793436;;150,2749944;150,2749944;;0;0;0;0;;;0;;;;;;;;;;;
1649338368437;0,800000012;2,174660444;;124,5988653;124,5988653;;0;145;0;0;;;145;;;;;;;;;;;
1649338368962;0,800000012;2,174660444;;124,5988653;124,5988653;;0;145;0;0;;;145;;;;;;;;;;;
1649338369488;0,800000012;2,52727437;;144,8021551;144,8021551;;0;0;0;0;;;0;;;;;;;;;;;
1649338369975;0,800000012;2,52727437;;144,8021551;144,8021551;;0;0;0;0;;;0;;;;;;;;;;;
1649338370500;0,800000012;2,499706984;;143,2226602;143,2226602;;0;0;0;0;;;0;;;;;;;;;;;
1649338371025;0,800000012;2,499706984;;143,2226602;143,2226602;;0;0;0;0;;;0;;1649338371000;10,42139282;43,71790865;8,221071243;56,86419678;8,40519619;158,3000031;34,75115967;1,5;0,99126184
1649338371511;0,800000012;2,223558426;;127,4005133;127,4005133;;0;145;0;0;;;145;;;;;;;;;;;
1649338372056;0,800000012;2,223558426;;127,4005133;127,4005133;;0;145;0;0;;;145;;;;;;;;;;;
1649338372505;0,800000012;2,423126459;;138,8349193;138,8349193;;0;145;0;0;;;145;;;;;;;;;;;
1649338373068;0,800000012;2,423126459;;138,8349193;138,8349193;;0;145;0;0;;;145;;;;;;;;;;;
1649338373613;0,800000012;2,253908873;;129,1394658;129,1394658;;0;145;0;0;;;145;;;;;;;;;;;
1649338374101;0,800000012;2,253908873;;129,1394658;129,1394658;;0;145;0;0;;;145;;;;;;;;;;;
1649338374607;0,800000012;2,114018202;;121,1243208;121,1243208;;0;145;0;0;;;145;;;;;;;;;;;
1649338375113;0,800000012;2,114018202;;121,1243208;121,1243208;;0;145;0;0;;;145;;;;;;;;;;;
1649338375697;0,800000012;2,455967188;;140,7165545;140,7165545;;0;145;0;0;;;145;;;;;;;;;;;
1649338376163;0,800000012;2,455967188;;140,7165545;140,7165545;;0;145;0;0;;;145;;1649338376000;10,42148256;43,71785001;9,824809074;59,38647461;9,902588844;142,3000031;32,06913376;1,649999976;0,999849975
1649338376688;0,800000012;2,207510948;;126,4810606;126,4810606;;0;145;0;0;;;145;;;;;;;;;;;
1649338377194;0,800000012;2,207510948;;126,4810606;126,4810606;;0;145;0;0;;;145;;;;;;;;;;;
1649338377759;0,800000012;2,08254981;;119,3213148;119,3213148;;0;145;0;0;;;145;;;;;;;;;;;
1649338378324;0,800000012;1,987382174;;113,8686108;113,8686108;;0;0;0;0;;;0;;;;;;;;;;;
1649338378830;0,800000012;1,987382174;;113,8686108;113,8686108;;0;0;0;0;;;0;;;;;;;;;;;
1649338379257;0,800000012;2,352548361;;134,7910922;134,7910922;;0;145;0;0;;;145;;;;;;;;;;;
1649338379881;0,800000012;2,352548361;;134,7910922;134,7910922;;0;145;0;0;;;145;;;;;;;;;;;
1649338380328;0,800000012;2,031238317;;116,3813828;116,3813828;;0;0;0;0;;;0;;;;;;;;;;;
1649338380912;0,800000012;2,031238317;;116,3813828;116,3813828;;0;0;0;0;;;0;;;;;;;;;;;
1649338381476;0,800000012;2,287545919;;131,0667266;131,0667266;;0;145;0;0;;;145;;;;;;;;;;;
1649338381886;0,800000012;2,287545919;;131,0667266;131,0667266;;0;145;0;0;;;145;;;;;;;;;;;
1649338382391;0,800000012;2,481428623;;142,1753873;142,1753873;;0;145;0;0;;;145;;1649338382000;10,42160353;43,71778114;8,819904327;58,05944824;8,971230507;147,8000031;25,69996643;1,5;0,795110047
1649338382898;0,800000012;2,481428623;;142,1753873;142,1753873;;0;145;0;0;;;145;;;;;;;;;;;
1649338383461;0,800000012;2,305260658;;132,0817064;132,0817064;;0;145;0;0;;;145;;;;;;;;;;;
1649338384025;0,800000012;2,305260658;;132,0817064;132,0817064;;0;145;0;0;;;145;;;;;;;;;;;
1649338384454;0,800000012;2,372045517;;135,9081969;135,9081969;;0;145;0;0;;;145;;;;;;;;;;;
1649338384960;0,800000012;2,372045517;;135,9081969;135,9081969;;0;145;0;0;;;145;;;;;;;;;;;
1649338385467;0,800000012;2,310281038;;132,369353;132,369353;;0;145;0;0;;;145;;;;;;;;;;;
1649338385953;0,800000012;2,310281038;;132,369353;132,369353;;0;145;0;0;;;145;;;;;;;;;;;
1649338386479;0,800000012;2,672020674;;153,0955074;153,0955074;;0;0;0;0;;;0;;;;;;;;;;;
1649338386964;0,800000012;2,672020674;;153,0955074;153,0955074;;0;0;0;0;;;0;;;;;;;;;;;
1649338387510;0,800000012;2,518115759;;144,2774053;144,2774053;;0;0;0;0;;;0;;1649338387000;10,42170595;43,71772073;6,759978771;59,6305542;8,46991539;138,8000031;26,12614059;1,529999971;0,842911601
1649338387957;0,800000012;2,518115759;;144,2774053;144,2774053;;0;0;0;0;;;0;;;;;;;;;;;
1649338388522;0,800000012;2,544600964;;145,7948958;145,7948958;;0;0;0;0;;;0;;;;;;;;;;;
1649338389009;0,800000012;2,544600964;;145,7948958;145,7948958;;0;0;0;0;;;0;;;;;;;;;;;
1649338389494;0,800000012;2,539372921;;145,495351;145,495351;;0;0;0;0;;;0;;;;;;;;;;;
1649338389982;0,800000012;2,539372921;;145,495351;145,495351;;0;0;0;0;;;0;;;;;;;;;;;
1649338390526;0,800000012;2,402002811;;137,6246235;137,6246235;;0;145;0;0;;;145;;;;;;;;;;;
1649338391014;0,800000012;2,402002811;;137,6246235;137,6246235;;0;145;0;0;;;145;;;;;;;;;;;
1649338391500;0,800000012;2,636394739;;151,0542917;151,0542917;;0;0;0;0;;;0;;;;;;;;;;;
1649338392005;0,800000012;2,636394739;;151,0542917;151,0542917;;0;0;0;0;;;0;;1649338392000;10,42177682;43,71767075;6,919841766;54,27258301;7,986911297;135,1000061;38,77422714;1,320000052;0,999849975
1649338392511;0,800000012;2,581062317;;147,8839774;147,8839774;;0;0;0;0;;;0;;;;;;;;;;;
1649338393116;0,800000012;2,581062317;;147,8839774;147,8839774;;0;0;0;0;;;0;;;;;;;;;;;
1649338393641;0,800000012;2,371410131;;135,871792;135,871792;;0;145;0;0;;;145;;;;;;;;;;;
1649338394010;0,800000012;2,371410131;;135,871792;135,871792;;0;145;0;0;;;145;;;;;;;;;;;
1649338394556;0,800000012;2,703837156;;154,9184575;154,9184575;;0;0;0;0;;;0;;;;;;;;;;;
1649338395042;0,800000012;2,703837156;;154,9184575;154,9184575;;0;0;0;0;;;0;;;;;;;;;;;
1649338395664;0,800000012;2,071856737;;118,7086468;118,7086468;;0;0;0;0;;;0;;;;;;;;;;;
1649338396171;0,800000012;2,071856737;;118,7086468;118,7086468;;0;0;0;0;;;0;;;;;;;;;;;
1649338396677;0,800000012;2,400713682;;137,5507618;137,5507618;;0;145;0;0;;;145;;;;;;;;;;;
1649338397202;0,800000012;2,400713682;;137,5507618;137,5507618;;0;145;0;0;;;145;;;;;;;;;;;
1649338397610;0,800000012;2,375696421;;136,1173783;136,1173783;;0;145;0;0;;;145;;;;;;;;;;;
1649338398098;0,800000012;2,375696421;;136,1173783;136,1173783;;0;145;0;0;;;145;;1649338398000;10,42186866;43,71762352;8,055870056;50,94116211;9,254158974;144,6000061;36,19601822;1,429999948;0,99126184
1649338398623;0,800000012;2,478313684;;141,9969144;141,9969144;;0;145;0;0;;;145;;;;;;;;;;;
1649338399110;0,800000012;2,478313684;;141,9969144;141,9969144;;0;145;0;0;;;145;;;;;;;;;;;
1649338399635;0,800000012;2,277504921;;130,4914198;130,4914198;;0;145;0;0;;;145;;;;;;;;;;;
1649338400239;0,800000012;2,277504921;;130,4914198;130,4914198;;0;145;0;0;;;145;;;;;;;;;;;
1649338400667;0,800000012;2,539135695;;145,4817589;145,4817589;;0;0;0;0;;;0;;;;;;;;;;;
1649338401250;0,800000012;2,607539415;;149,4010034;149,4010034;;0;0;0;0;;;0;;;;;;;;;;;
1649338401796;0,800000012;2,607539415;;149,4010034;149,4010034;;0;0;0;0;;;0;;;;;;;;;;;
1649338402205;0,800000012;2,447174311;;140,2127597;140,2127597;;0;145;0;0;;;145;;;;;;;;;;;
1649338402807;0,800000012;2,447174311;;140,2127597;140,2127597;;0;145;0;0;;;145;;;;;;;;;;;
1649338403196;0,800000012;2,713692665;;155,4831366;155,4831366;;0;0;0;0;;;0;;1649338403000;10,42194467;43,7175724;7,185997486;52,49584961;9,02805233;144,3999939;32,48530579;1,610000014;0,99126184
1649338403644;0,800000012;2,713692665;;155,4831366;155,4831366;;0;0;0;0;;;0;;;;;;;;;;;
1649338404150;0,800000012;2,713692665;;155,4831366;155,4831366;;0;0;0;0;;;0;;;;;;;;;;;
1649338404696;0,800000012;2,196234226;;125,834952;125,834952;;0;145;0;0;;;145;;;;;;;;;;;
1649338405182;0,800000012;2,196234226;;125,834952;125,834952;;0;145;0;0;;;145;;;;;;;;;;;
1649338405648;0,800000012;2,27963233;;130,6133113;130,6133113;;0;145;0;0;;;145;;;;;;;;;;;
1649338406136;0,800000012;2,27963233;;130,6133113;130,6133113;;0;145;0;0;;;145;;;;;;;;;;;
1649338406661;0,800000012;2,514494181;;144,0699042;144,0699042;;0;0;0;0;;;0;;;;;;;;;;;
1649338407148;0,800000012;2,514494181;;144,0699042;144,0699042;;0;0;0;0;;;0;;;;;;;;;;;
1649338407673;0,800000012;2,48078537;;142,1385316;142,1385316;;0;145;0;0;;;145;;;;;;;;;;;
1649338408140;0,800000012;2,48078537;;142,1385316;142,1385316;;0;145;0;0;;;145;;1649338408000;10,42201767;43,71750795;8,082345009;52,90789795;8,195641518;138,6999969;33,23281479;1,590000033;0,999849975
1649338408686;0,800000012;2,729506493;;156,3892022;156,3892022;;0;0;0;0;;;0;;;;;;;;;;;
1649338409153;0,800000012;2,41377449;;138,299091;138,299091;;0;145;0;0;;;145;;;;;;;;;;;
1649338409639;0,800000012;2,41377449;;138,299091;138,299091;;0;145;0;0;;;145;;;;;;;;;;;
1649338410183;0,800000012;2,540467024;;145,5580385;145,5580385;;0;0;0;0;;;0;;;;;;;;;;;
1649338410690;0,800000012;2,540467024;;145,5580385;145,5580385;;0;0;0;0;;;0;;;;;;;;;;;
1649338411176;0,800000012;2,213182688;;126,8060273;126,8060273;;0;145;0;0;;;145;;;;;;;;;;;
1649338411702;0,800000012;2,213182688;;126,8060273;126,8060273;;0;145;0;0;;;145;;;;;;;;;;;
1649338412188;0,800000012;2,299337864;;131,7423553;131,7423553;;0;145;0;0;;;145;;;;;;;;;;;
1649338412713;0,800000012;2,299337864;;131,7423553;131,7423553;;0;145;0;0;;;145;;;;;;;;;;;
1649338413219;0,800000012;2,035702229;;116,637146;116,637146;;0;0;0;0;;;0;;;;;;;;;;;
1649338413745;0,800000012;2,035702229;;116,637146;116,637146;;0;0;0;0;;;0;;;;;;;;;;;
1649338414232;0,800000012;2,149497271;;123,1571217;123,1571217;;0;145;0;0;;;145;;1649338414000;10,42210687;43,71745142;6,91911602;52,00872803;8,253768921;137,5;34,25452042;1,539999962;1,029271603
1649338414738;0,800000012;2,149497271;;123,1571217;123,1571217;;0;145;0;0;;;145;;;;;;;;;;;
1649338415244;0,800000012;2,166284084;;124,1189353;124,1189353;;0;145;0;0;;;145;;;;;;;;;;;
1649338415769;0,800000012;2,166284084;;124,1189353;124,1189353;;0;145;0;0;;;145;;;;;;;;;;;
1649338416276;0,800000012;2,452770233;;140,5333825;140,5333825;;0;145;0;0;;;145;;;;;;;;;;;
1649338416801;0,800000012;2,452770233;;140,5333825;140,5333825;;0;145;0;0;;;145;;;;;;;;;;;
1649338417268;0,800000012;2,070034742;;118,6042542;118,6042542;;0;0;0;0;;;0;;;;;;;;;;;
1649338417813;0,800000012;2,070034742;;118,6042542;118,6042542;;0;0;0;0;;;0;;;;;;;;;;;
1649338418416;0,800000012;2,549630165;;146,0830478;146,0830478;;0;0;0;0;;;0;;;;;;;;;;;
1649338418863;0,800000012;2,549630165;;146,0830478;146,0830478;;0;0;0;0;;;0;;;;;;;;;;;
1649338419350;0,800000012;2,530898571;;145,0098065;145,0098065;;0;0;0;0;;;0;;1649338419000;10,42216661;43,71738237;5,828430176;53,55529785;7,586381435;151;27,18806648;1,539999962;0,899388671
1649338419896;0,800000012;2,530898571;;145,0098065;145,0098065;;0;0;0;0;;;0;;;;;;;;;;;
1649338420518;0,800000012;2,477437973;;141,9467399;141,9467399;;0;145;0;0;;;145;;;;;;;;;;;
1649338421063;0,800000012;2,477437973;;141,9467399;141,9467399;;0;145;0;0;;;145;;;;;;;;;;;
1649338421569;0,800000012;2,649196148;;151,7877584;151,7877584;;0;0;0;0;;;0;;;;;;;;;;;
1649338422113;0,800000012;2,649196148;;151,7877584;151,7877584;;0;0;0;0;;;0;;;;;;;;;;;
1649338422620;0,800000012;2,484122992;;142,3297632;142,3297632;;0;145;0;0;;;145;;;;;;;;;;;
1649338423049;0,800000012;1,993712783;;114,231328;114,231328;;0;0;0;0;;;0;;;;;;;;;;;
1649338423554;0,800000012;1,993712783;;114,231328;114,231328;;0;0;0;0;;;0;;;;;;;;;;;
1649338424100;0,800000012;1,993712783;;114,231328;114,231328;;0;0;0;0;;;0;;1649338424000;10,42222523;43,71732474;5,801723003;58,17022705;7,125771523;137;34,77398682;1,559999943;1,062308788
1649338424722;0,800000012;2,036863089;;116,7036584;116,7036584;;0;0;0;0;;;0;;;;;;;;;;;
1649338425248;0,800000012;2,382444859;;136,5040353;136,5040353;;0;145;0;0;;;145;;;;;;;;;;;
1649338425773;0,800000012;2,382444859;;136,5040353;136,5040353;;0;145;0;0;;;145;;;;;;;;;;;
1649338426318;0,800000012;1,996882915;;114,4129632;114,4129632;;0;0;0;0;;;0;;;;;;;;;;;
1649338426804;0,800000012;1,996882915;;114,4129632;114,4129632;;0;0;0;0;;;0;;;;;;;;;;;
1649338427252;0,800000012;2,163406134;;123,9540408;123,9540408;;0;145;0;0;;;145;;;;;;;;;;;
1649338427739;0,800000012;2,163406134;;123,9540408;123,9540408;;0;145;0;0;;;145;;;;;;;;;;;
1649338428284;0,800000012;2,322791576;;133,086154;133,086154;;0;145;0;0;;;145;;;;;;;;;;;
1649338428886;0,800000012;2,322791576;;133,086154;133,086154;;0;145;0;0;;;145;;;;;;;;;;;
1649338429432;0,800000012;1,795077443;;102,8503614;102,8503614;;0;0;0;0;;;0;;;;;;;;;;;
1649338429860;0,800000012;1,795077443;;102,8503614;102,8503614;;0;0;0;0;;;0;;;;;;;;;;;
1649338430385;0,800000012;2,48802042;;142,5530694;142,5530694;;0;145;0;0;;;145;;1649338430000;10,42230229;43,71724976;7,20527935;59,03967285;8,744467735;147,6000061;25,85001564;1,49000001;0,795110047
1649338430989;0,800000012;2,48802042;;142,5530694;142,5530694;;0;145;0;0;;;145;;;;;;;;;;;
1649338431436;0,800000012;2,134820461;;122,3162024;122,3162024;;0;145;0;0;;;145;;;;;;;;;;;
1649338432059;0,800000012;2,134820461;;122,3162024;122,3162024;;0;145;0;0;;;145;;;;;;;;;;;
1649338432623;0,800000012;2,598702908;;148,8947088;148,8947088;;0;0;0;0;;;0;;;;;;;;;;;
1649338433130;0,800000012;2,598702908;;148,8947088;148,8947088;;0;0;0;0;;;0;;;;;;;;;;;
1649338433597;0,800000012;2,645287037;;151,5637828;151,5637828;;0;0;0;0;;;0;;;;;;;;;;;
1649338434162;0,800000012;2,645287037;;151,5637828;151,5637828;;0;0;0;0;;;0;;;;;;;;;;;
1649338434668;0,800000012;2,497688055;;143,1069841;143,1069841;;0;0;0;0;;;0;;;;;;;;;;;
1649338435154;0,800000012;2,41493392;;138,3655214;138,3655214;;0;145;0;0;;;145;;1649338435000;10,42231465;43,71717247;7,187237263;52,3949585;8,994621277;167,8000031;32,51893616;1,620000005;0,999849975
1649338435719;0,800000012;2,41493392;;138,3655214;138,3655214;;0;145;0;0;;;145;;;;;;;;;;;
1649338436321;0,800000012;2,24303174;;128,516252;128,516252;;0;145;0;0;;;145;;;;;;;;;;;
1649338436905;0,800000012;2,24303174;;128,516252;128,516252;;0;145;0;0;;;145;;;;;;;;;;;
1649338437275;0,800000012;2,29373455;;131,4213091;131,4213091;;0;145;0;0;;;145;;;;;;;;;;;
1649338437858;0,800000012;2,29373455;;131,4213091;131,4213091;;0;145;0;0;;;145;;;;;;;;;;;
1649338438481;0,800000012;2,489950657;;142,6636638;142,6636638;;0;145;0;0;;;145;;;;;;;;;;;
1649338438910;0,800000012;2,489950657;;142,6636638;142,6636638;;0;145;0;0;;;145;;;;;;;;;;;
1649338439416;0,800000012;2,367201805;;135,6306727;135,6306727;;0;145;0;0;;;145;;;;;;;;;;;
1649338439981;0,800000012;2,367201805;;135,6306727;135,6306727;;0;145;0;0;;;145;;;;;;;;;;;
1649338440564;0,800000012;2,35400939;;134,874803;134,874803;;0;145;0;0;;;145;;1649338440000;10,42234916;43,71712535;10,04252148;46,72442627;10,64935589;142,3999939;26,8956089;1,429999948;0,795110047
1649338441011;0,800000012;2,35400939;;134,874803;134,874803;;0;145;0;0;;;145;;;;;;;;;;;
1649338441499;0,800000012;2,187190056;;125,3167592;125,3167592;;0;145;0;0;;;145;;;;;;;;;;;
1649338442199;0,800000012;2,187190056;;125,3167592;125,3167592;;0;145;0;0;;;145;;;;;;;;;;;
1649338442724;0,800000012;2,331798553;;133,6022158;133,6022158;;0;145;0;0;;;145;;;;;;;;;;;
1649338443270;0,800000012;2,386752367;;136,7508374;136,7508374;;0;145;0;0;;;145;;;;;;;;;;;
1649338443776;0,800000012;2,386752367;;136,7508374;136,7508374;;0;145;0;0;;;145;;;;;;;;;;;
1649338444339;0,800000012;2,333185673;;133,6816919;133,6816919;;0;145;0;0;;;145;;;;;;;;;;;
1649338444748;0,800000012;2,333185673;;133,6816919;133,6816919;;0;145;0;0;;;145;;;;;;;;;;;
1649338445390;0,800000012;2,139757395;;122,5990679;122,5990679;;0;145;0;0;;;145;;;;;;;;;;;
1649338445916;0,800000012;2,139757395;;122,5990679;122,5990679;;0;145;0;0;;;145;;;;;;;;;;;
1649338446345;0,800000012;2,335717201;;133,8267378;133,8267378;;0;145;0;0;;;145;;1649338446000;10,42242726;43,71709762;10,71407604;48,17340088;13,67002392;133;45,47549438;1,429999948;1,312288046
1649338446967;0,800000012;2,335717201;;133,8267378;133,8267378;;0;145;0;0;;;145;;;;;;;;;;;
1649338447414;0,800000012;2,233888388;;127,9923765;127,9923765;;0;145;0;0;;;145;;;;;;;;;;;
1649338447960;0,800000012;2,233888388;;127,9923765;127,9923765;;0;145;0;0;;;145;;;;;;;;;;;
1649338448601;0,800000012;1,798970819;;103,0734354;103,0734354;;0;0;0;0;;;;;;;;;;;;;;
1649338448991;0,800000012;1,798970819;;103,0734354;103,0734354;;0;0;0;0;;;;;;;;;;;;;;
1649338449498;0,800000012;1,359862924;;77,91440624;77,91440624;;0;0;0;0;;;;;;;;;;;;;;
1649338450100;0,800000012;1,359862924;;77,91440624;77,91440624;;0;0;0;0;;;;;;;;;;;;;;
1649338450549;0,800000012;1,048518658;;60,07569383;60,07569383;;0;0;0;0;;;;;;;;;;;;;;
1649338451073;0,800000012;1,048518658;;60,07569383;60,07569383;;0;0;0;0;;;;;;;;;;;;;;
1649338451600;0,800000012;1,22189033;;70,00915895;70,00915895;;0;0;0;0;;;;;;;;;;;;;;
1649338452143;0,800000012;1,22189033;;70,00915895;70,00915895;;0;0;0;0;;;;;1649338452000;10,42252267;43,71706573;6,627827644;53,00592041;8,885194778;93,09999847;32,72762299;1,470000029;0,926498771
1649338452649;0,800000012;1,252288342;;71,7508367;71,7508367;;0;0;0;0;;;;;;;;;;;;;;
1649338453155;0,800000012;1,083708644;;62,09193152;62,09193152;;0;0;0;0;;;;;;;;;;;;;;
1649338453701;0,800000012;1,083708644;;62,09193152;62,09193152;;0;0;0;0;;;;;;;;;;;;;;
1649338454324;0,800000012;1,043962955;;59,81467132;59,81467132;;0;0;0;0;;;;;;;;;;;;;;
1649338454869;0,800000012;1,043962955;;59,81467132;59,81467132;;0;0;0;0;;;;;;;;;;;;;;
1649338455239;0,800000012;0,79047066;;45,29063263;45,29063263;;0;0;56;0;;;56;;;;;;;;;;;
1649338455822;0,800000012;0,79047066;;45,29063263;45,29063263;;0;0;56;0;;;56;;;;;;;;;;;
1649338456407;0,800000012;1,119019747;;64,11510868;64,11510868;;0;0;0;0;;;;;;;;;;;;;;
1649338456932;0,800000012;1,119019747;;64,11510868;64,11510868;;0;0;0;0;;;;;;;;;;;;;;
1649338457360;0,800000012;1,451260924;;83,15112594;83,15112594;;0;0;0;0;;;;;1649338457000;10,42260425;43,71708276;4,947320461;52,29833984;5,49600172;90;31,03096962;1,5;0,885098875
1649338457846;0,800000012;1,451260924;;83,15112594;83,15112594;;0;0;0;0;;;;;;;;;;;;;;
1649338458431;0,800000012;1,302468657;;74,62595702;74,62595702;;0;0;0;0;;;;;;;;;;;;;;
1649338458995;0,800000012;1,302468657;;74,62595702;74,62595702;;0;0;0;0;;;;;;;;;;;;;;
1649338459384;0,800000012;0,906780124;;51,95467403;51,95467403;;0;0;56;0;;;56;;;;;;;;;;;
1649338459928;0,800000012;0,906780124;;51,95467403;51,95467403;;0;0;56;0;;;56;;;;;;;;;;;
1649338460455;0,800000012;0,492577374;;28,22260461;28,22260461;;0;0;0;0;;;;;;;;;;;;;;
1649338460980;0,800000012;0,492577374;;28,22260461;28,22260461;;0;0;0;0;;;;;;;;;;;;;;
1649338461486;0,800000012;0,979440272;;56,11779386;56,11779386;;0;0;0;0;;;;;;;;;;;;;;
1649338462012;0,800000012;0,979440272;;56,11779386;56,11779386;;0;0;0;0;;;;;;;;;;;;;;
1649338462536;0,800000012;0,967478633;;55,43244244;55,43244244;;0;0;0;0;;;;;;;;;;;;;;
1649338463102;0,800000012;0,967478633;;55,43244244;55,43244244;;0;0;0;0;;;;;;;;;;;;;;
1649338463588;0,800000012;0,106136277;;6,081160744;6,081160744;;0;0;0;0;;;;;;;;;;;;;;
1649338464269;0,800000012;-0,473472923;;332,8719998;-27,1280002;;0;0;0;-35;;;-35;;1649338464000;10,42270038;43,71712989;4,280882835;55,20343018;3,444627523;59,79999924;29,98754311;1,460000038;0,832165837
1649338464659;0,800000012;-0,473472923;;332,8719998;-27,1280002;;0;0;0;-35;;;-35;;;;;;;;;;;
1649338465301;0,800000012;-0,473472923;;332,8719998;-27,1280002;;0;0;0;-35;;;-35;;;;;;;;;;;
1649338465807;0,800000012;0,239031464;;13,69549405;13,69549405;;0;0;0;0;;;;;;;;;;;;;;
1649338466332;0,800000012;0,477968693;;27,38558884;27,38558884;;0;0;0;0;;;;;;;;;;;;;;
1649338466701;0,800000012;0,477968693;;27,38558884;27,38558884;;0;0;0;0;;;;;;;;;;;;;;
1649338467228;0,800000012;0,477968693;;27,38558884;27,38558884;;0;0;0;0;;;;;;;;;;;;;;
1649338467733;0,800000012;0,584858119;;33,50990186;33,50990186;;0;0;56;0;;;56;;;;;;;;;;;
1649338468277;0,800000012;0,584858119;;33,50990186;33,50990186;;0;0;56;0;;;56;;;;;;;;;;;
1649338468765;0,800000012;0,145086974;;8,312871267;8,312871267;;0;0;0;0;;;;;;;;;;;;;;
1649338469328;0,800000012;0,492144734;;28,19781615;28,19781615;;0;0;0;0;;;;;1649338469000;10,42275316;43,71718619;3,790092468;57,70141602;2,773932934;58,59999847;30,60229301;1,460000038;0,84905833
1649338469797;0,800000012;0,492144734;;28,19781615;28,19781615;;0;0;0;0;;;;;;;;;;;;;;
1649338470361;0,800000012;0,432268947;;24,7671863;24,7671863;;0;0;0;0;;;;;;;;;;;;;;
1649338470867;0,800000012;0,432268947;;24,7671863;24,7671863;;0;0;0;0;;;;;;;;;;;;;;
1649338471391;0,800000012;1,083180785;;62,06168744;62,06168744;;0;0;0;0;;;;;;;;;;;;;;
1649338471897;0,800000012;1,083180785;;62,06168744;62,06168744;;0;0;0;0;;;;;;;;;;;;;;
1649338472364;0,800000012;0,314496696;;18,01933335;18,01933335;;0;0;0;0;;;;;;;;;;;;;;
1649338472909;0,800000012;0,314496696;;18,01933335;18,01933335;;0;0;0;0;;;;;;;;;;;;;;
1649338473455;0,800000012;-0,008189077;;359,5308004;-0,469199578;;0;0;0;0;;;;;;;;;;;;;;
1649338473981;0,800000012;-0,008189077;;359,5308004;-0,469199578;;0;0;0;0;;;;;;;;;;;;;;
1649338474467;0,800000012;1,026345849;;58,80528547;58,80528547;;0;0;0;0;;;;;1649338474000;10,4228181;43,71723764;3,790092468;56,90875244;2,862534285;46,90000153;30,20600319;1,529999971;0,934077084
1649338475032;0,800000012;1,026345849;;58,80528547;58,80528547;;0;0;0;0;;;;;;;;;;;;;;
1649338475498;0,800000012;1,043976307;;59,8154363;59,8154363;;0;0;0;0;;;;;;;;;;;;;;
1649338476141;0,800000012;1,043976307;;59,8154363;59,8154363;;0;0;0;0;;;;;;;;;;;;;;
1649338476588;0,800000012;0,897853255;;51,44320215;51,44320215;;0;0;56;0;;;56;;;;;;;;;;;
1649338477075;0,800000012;0,897853255;;51,44320215;51,44320215;;0;0;56;0;;;56;;;;;;;;;;;
1649338477619;0,800000012;0,880373597;;50,44169151;50,44169151;;0;0;56;0;;;56;;;;;;;;;;;
1649338478165;0,800000012;0,880373597;;50,44169151;50,44169151;;0;0;56;0;;;56;;;;;;;;;;;
1649338478652;0,800000012;0,722933114;;41,42101628;41,42101628;;0;0;56;0;;;56;;;;;;;;;;;
1649338479255;0,800000012;0,837730408;;47,99841673;47,99841673;;0;0;56;0;;;56;;;;;;;;;;;
1649338479722;0,800000012;0,837730408;;47,99841673;47,99841673;;0;0;56;0;;;56;;;;;;;;;;;
1649338480227;0,800000012;0,712275207;;40,81036322;40,81036322;;0;0;56;0;;;56;;;;;;;;;;;
1649338480753;0,800000012;0,712275207;;40,81036322;40,81036322;;0;0;56;0;;;56;;;;;;;;;;;
1649338481376;0,800000012;0,78834641;;45,16892208;45,16892208;;0;0;56;0;;;56;;1649338481000;10,42291419;43,71731402;3,790092468;54,27490234;2,726663113;47,90000153;28,20366096;1,559999943;0,832165837
1649338481745;0,800000012;0,78834641;;45,16892208;45,16892208;;0;0;56;0;;;56;;;;;;;;;;;
1649338482290;0,800000012;0,78369689;;44,90252421;44,90252421;;0;0;56;0;;;56;;;;;;;;;;;
1649338482836;0,800000012;0,78369689;;44,90252421;44,90252421;;0;0;56;0;;;56;;;;;;;;;;;
1649338483477;0,800000012;1,013166666;;58,05017391;58,05017391;;0;0;0;0;;;0;;;;;;;;;;;
1649338483925;0,800000012;1,013166666;;58,05017391;58,05017391;;0;0;0;0;;;0;;;;;;;;;;;
1649338484412;0,800000012;0,611782014;;35,05252741;35,05252741;;0;0;56;0;;;56;;;;;;;;;;;
1649338484938;0,800000012;0,611782014;;35,05252741;35,05252741;;0;0;56;0;;;56;;;;;;;;;;;
1649338485444;0,800000012;0,846735418;;48,51436581;48,51436581;;0;0;56;0;;;56;;;;;;;;;;;
1649338485968;0,800000012;0,846735418;;48,51436581;48,51436581;;0;0;56;0;;;56;;;;;;;;;;;
1649338486494;0,800000012;0,865646482;;49,59788994;49,59788994;;0;0;56;0;;;56;;;;;;;;;;;
1649338487059;0,800000012;0,865646482;;49,59788994;49,59788994;;0;0;56;0;;;56;;;;;;;;;;;
1649338487662;0,800000012;0,755201161;;43,2698392;43,2698392;;0;0;56;0;;;56;;;;;;;;;;;
1649338488167;0,800000012;0,755201161;;43,2698392;43,2698392;;0;0;56;0;;;56;;;;;;;;;;;
1649338488577;0,800000012;0,752742231;;43,12895289;43,12895289;;0;0;56;0;;;56;;;;;;;;;;;
1649338489219;0,800000012;0,752742231;;43,12895289;43,12895289;;0;0;56;0;;;56;;;;;;;;;;;
1649338489706;0,800000012;0,669885337;;38,38160259;38,38160259;;0;0;56;0;;;56;;;;;;;;;;;
1649338490192;0,800000012;0,783562124;;44,89480268;44,89480268;;0;0;56;0;;;56;;1649338490000;10,42304176;43,71741151;4,405474663;55,47607422;4,110930443;41,29999924;33,64785385;1,549999952;0,99126184
1649338490679;0,800000012;0,783562124;;44,89480268;44,89480268;;0;0;56;0;;;56;;;;;;;;;;;
1649338491281;0,800000012;0,440748841;;25,25304839;25,25304839;;0;0;0;0;;;0;;;;;;;;;;;
1649338491885;0,800000012;0,440748841;;25,25304839;25,25304839;;0;0;0;0;;;0;;;;;;;;;;;
1649338492313;0,800000012;0,529100418;;30,3152209;30,3152209;;0;0;0;0;;;0;;;;;;;;;;;
1649338492917;0,800000012;0,529100418;;30,3152209;30,3152209;;0;0;0;0;;;0;;;;;;;;;;;
1649338493442;0,800000012;1,065451741;;61,04588805;61,04588805;;0;0;0;0;;;0;;;;;;;;;;;
1649338493890;0,800000012;1,065451741;;61,04588805;61,04588805;;0;0;0;0;;;0;;;;;;;;;;;
1649338494435;0,800000012;1,166841149;;66,85507322;66,85507322;;0;0;0;0;;;0;;;;;;;;;;;
1649338495018;0,800000012;1,166841149;;66,85507322;66,85507322;;0;0;0;0;;;0;;;;;;;;;;;
1649338495525;0,800000012;1,206722856;;69,14012667;69,14012667;;0;0;0;0;;;0;;;;;;;;;;;
1649338496108;0,800000012;1,206722856;;69,14012667;69,14012667;;0;0;0;0;;;0;;1649338496000;10,42313544;43,71745942;4,720856667;52,97900391;4,703866482;55,20000076;26,48306847;1,440000057;0,795110047
1649338496555;0,800000012;0,72292465;;41,42053133;41,42053133;;0;0;56;0;;;56;;;;;;;;;;;
1649338497178;0,800000012;0,72292465;;41,42053133;41,42053133;;0;0;56;0;;;56;;;;;;;;;;;
1649338497626;0,800000012;0,933820367;;53,50396584;53,50396584;;0;0;56;0;;;56;;;;;;;;;;;
1649338498269;0,800000012;0,933820367;;53,50396584;53,50396584;;0;0;56;0;;;56;;;;;;;;;;;
1649338498833;0,800000012;0,793082833;;45,44029915;45,44029915;;0;0;56;0;;;56;;;;;;;;;;;
1649338499338;0,800000012;0,812922895;;46,57705095;46,57705095;;0;0;56;0;;;56;;;;;;;;;;;
1649338499864;0,800000012;0,812922895;;46,57705095;46,57705095;;0;0;56;0;;;56;;;;;;;;;;;
1649338500293;0,800000012;0,836564422;;47,93161065;47,93161065;;0;0;56;0;;;56;;;;;;;;;;;
1649338500798;0,800000012;0,836564422;;47,93161065;47,93161065;;0;0;56;0;;;56;;;;;;;;;;;
1649338501305;0,800000012;0,904024243;;51,79677372;51,79677372;;0;0;56;0;;;56;;;;;;;;;;;
1649338501849;0,800000012;0,904024243;;51,79677372;51,79677372;;0;0;56;0;;;56;;;;;;;;;;;
1649338502356;0,800000012;0,985685647;;56,47562747;56,47562747;;0;0;0;0;;;0;;;;;;;;;;;
1649338502920;0,800000012;0,985685647;;56,47562747;56,47562747;;0;0;0;0;;;0;;;;;;;;;;;
1649338503426;0,800000012;0,863051832;;49,44922746;49,44922746;;0;0;56;0;;;56;;;;;;;;;;;
1649338503951;0,800000012;0,863051832;;49,44922746;49,44922746;;0;0;56;0;;;56;;;;;;;;;;;
1649338504477;0,800000012;0,974964917;;55,8613749;55,8613749;;0;0;0;0;;;0;;;;;;;;;;;
1649338505060;0,800000012;0,974964917;;55,8613749;55,8613749;;0;0;0;0;;;0;;;;;;;;;;;
1649338505566;0,800000012;0,824623525;;47,24744768;47,24744768;;0;0;56;0;;;56;;;;;;;;;;;
1649338506112;0,800000012;0,538042784;;30,82758071;30,82758071;;0;0;0;0;;;0;;;;;;;;;;;
1649338506735;0,800000012;0,593492627;;34,00462271;34,00462271;;0;0;56;0;;;56;;;;;;;;;;;
1649338507181;0,800000012;0,593492627;;34,00462271;34,00462271;;0;0;56;0;;;56;;;;;;;;;;;
1649338507668;0,800000012;0,593492627;;34,00462271;34,00462271;;0;0;56;0;;;56;;;;;;;;;;;
1649338508233;0,800000012;0,72440505;;41,50535204;41,50535204;;0;0;56;0;;;56;;;;;;;;;;;
1649338508836;0,800000012;0,72440505;;41,50535204;41,50535204;;0;0;56;0;;;56;;;;;;;;;;;
1649338509283;0,800000012;0,601084113;;34,43958281;34,43958281;;0;0;56;0;;;56;;;;;;;;;;;
1649338509770;0,800000012;0,601084113;;34,43958281;34,43958281;;0;0;56;0;;;56;;;;;;;;;;;
1649338510316;0,800000012;0,731287003;;41,89965886;41,89965886;;0;0;56;0;;;56;;;;;;;;;;;
1649338510880;0,800000012;0,731287003;;41,89965886;41,89965886;;0;0;56;0;;;56;;;;;;;;;;;
1649338511405;0,800000012;0,761855841;;43,65112427;43,65112427;;0;0;56;0;;;56;;;;;;;;;;;
1649338512008;0,800000012;0,761855841;;43,65112427;43,65112427;;0;0;56;0;;;56;;;;;;;;;;;
1649338512456;0,800000012;0,908855677;;52,07359446;52,07359446;;0;0;56;0;;;56;;;;;;;;;;;
1649338513039;0,800000012;0,908855677;;52,07359446;52,07359446;;0;0;56;0;;;56;;;;;;;;;;;
1649338513527;0,800000012;1,101016045;;63,08357253;63,08357253;;0;0;0;0;;;0;;;;;;;;;;;
1649338514052;0,800000012;-0,696210146;;320,110097;-39,88990302;;0;0;0;-35;;;-35;;;;;;;;;;;
1649338514695;0,800000012;-0,696210146;;320,110097;-39,88990302;;0;0;0;-35;;;-35;;;;;;;;;;;
1649338515083;0,800000012;-0,902047694;;308,3164742;-51,68352577;;0;0;0;-35;;;-35;;;;;;;;;;;
1649338515570;0,800000012;-0,902047694;;308,3164742;-51,68352577;;0;0;0;-35;;;-35;;;;;;;;;;;
1649338516153;0,800000012;-0,902047694;;308,3164742;-51,68352577;;0;0;0;-35;;;-35;;;;;;;;;;;
1649338516640;0,800000012;-0,843283832;;311,6833955;-48,31660451;;0;0;0;-35;;;-35;;;;;;;;;;;
1649338517147;0,800000012;-0,843283832;;311,6833955;-48,31660451;;0;0;0;-35;;;-35;;;;;;;;;;;
1649338517593;0,800000012;-0,963199556;;304,8127306;-55,18726938;;0;0;0;0;;;0;;;;;;;;;;;
1649338518197;0,800000012;-0,963199556;;304,8127306;-55,18726938;;0;0;0;0;;;0;;;;;;;;;;;
1649338518704;0,800000012;-0,622160316;;324,3528397;-35,64716026;;0;0;0;-35;;;-35;;;;;;;;;;;
1649338519306;0,800000012;-0,509017408;;330,8354508;-29,16454917;;0;0;0;-35;;;-35;;;;;;;;;;;
1649338519735;0,800000012;-0,509017408;;330,8354508;-29,16454917;;0;0;0;-35;;;-35;;;;;;;;;;;
1649338520260;0,800000012;-0,546255112;;328,7018876;-31,29811244;;0;0;0;-35;;;-35;;;;;;;;;;;
1649338520785;0,800000012;-0,546255112;;328,7018876;-31,29811244;;0;0;0;-35;;;-35;;;;;;;;;;;
1649338521273;0,800000012;-0,81220454;;313,4641078;-46,53589223;;0;0;0;-35;;;-35;;;;;;;;;;;
1649338521818;0,800000012;-0,81220454;;313,4641078;-46,53589223;;0;0;0;-35;;;-35;;;;;;;;;;;
1649338522304;0,800000012;-0,7373541;;317,7527221;-42,24727792;;0;0;0;-35;;;-35;;;;;;;;;;;
1649338522887;0,800000012;-0,7373541;;317,7527221;-42,24727792;;0;0;0;-35;;;-35;;;;;;;;;;;
1649338523373;0,800000012;-1,018402576;;301,6498305;-58,35016948;;0;0;0;0;;;0;;;;;;;;;;;
1649338523880;0,800000012;-1,018402576;;301,6498305;-58,35016948;;0;0;0;0;;;0;;;;;;;;;;;
1649338524367;0,800000012;-0,827483654;;312,588679;-47,41132099;;0;0;0;-35;;;-35;;;;;;;;;;;
1649338524891;0,800000012;-0,827483654;;312,588679;-47,41132099;;0;0;0;-35;;;-35;;;;;;;;;;;
1649338525417;0,800000012;-1,16632247;;293,1746449;-66,82535507;;0;0;0;0;;;0;;;;;;;;;;;
1649338525943;0,800000012;-1,16632247;;293,1746449;-66,82535507;;0;0;0;0;;;0;;;;;;;;;;;
1649338526409;0,800000012;-0,862274587;;310,5953054;-49,40469463;;0;0;0;-35;;;-35;;;;;;;;;;;
1649338526974;0,800000012;-0,862274587;;310,5953054;-49,40469463;;0;0;0;-35;;;-35;;;;;;;;;;;
1649338527577;0,800000012;-0,977355659;;304,0016457;-55,99835434;;0;0;0;0;;;0;;;;;;;;;;;
1649338528005;0,800000012;-0,977355659;;304,0016457;-55,99835434;;0;0;0;0;;;0;;;;;;;;;;;
1649338528531;0,800000012;-0,839020371;;311,9276738;-48,07232621;;0;0;0;-35;;;-35;;;;;;;;;;;
1649338529037;0,800000012;-0,839020371;;311,9276738;-48,07232621;;0;0;0;-35;;;-35;;;;;;;;;;;
1649338529505;0,800000012;-0,656144381;;322,4056962;-37,59430376;;0;0;0;-35;;;-35;;;;;;;;;;;
1649338530029;0,800000012;-0,656144381;;322,4056962;-37,59430376;;0;0;0;-35;;;-35;;;;;;;;;;;
1649338530555;0,800000012;-0,812272668;;313,4602043;-46,53979568;;0;0;0;-35;;;-35;;;;;;;;;;;
1649338531062;0,800000012;-0,812272668;;313,4602043;-46,53979568;;0;0;0;-35;;;-35;;;;;;;;;;;
1649338531529;0,800000012;-0,663664997;;321,9747967;-38,02520332;;0;0;0;-35;;;-35;;;;;;;;;;;
1649338532054;0,800000012;-0,663664997;;321,9747967;-38,02520332;;0;0;0;-35;;;-35;;;;;;;;;;;
1649338532657;0,800000012;-0,985735774;;303,5215004;-56,47849957;;0;0;0;0;;;0;;;;;;;;;;;
1649338533065;0,800000012;-0,985735774;;303,5215004;-56,47849957;;0;0;0;0;;;0;;;;;;;;;;;
1649338533572;0,800000012;-0,937915683;;306,2613898;-53,73861016;;0;0;0;-35;;;-35;;;;;;;;;;;
1649338534136;0,800000012;-0,937915683;;306,2613898;-53,73861016;;0;0;0;-35;;;-35;;;;;;;;;;;
1649338534642;0,800000012;-1,014861822;;301,8527008;-58,1472992;;0;0;0;0;;;0;;;;;;;;;;;
1649338535110;0,800000012;-1,014861822;;301,8527008;-58,1472992;;0;0;0;0;;;0;;;;;;;;;;;
1649338535596;0,800000012;-0,9035151;;308,232398;-51,76760198;;0;0;0;-35;;;-35;;;;;;;;;;;
1649338536141;0,800000012;-0,9035151;;308,232398;-51,76760198;;0;0;0;-35;;;-35;;;;;;;;;;;
1649338536628;0,800000012;-0,564683259;;327,6460325;-32,35396748;;0;0;0;-35;;;-35;;;;;;;;;;;
1649338537153;0,800000012;-0,564683259;;327,6460325;-32,35396748;;0;0;0;-35;;;-35;;;;;;;;;;;
1649338537640;0,800000012;-0,451545507;;334,1283482;-25,87165179;;0;0;0;-35;;;-35;;;;;;;;;;;
1649338538165;0,800000012;-0,451545507;;334,1283482;-25,87165179;;0;0;0;-35;;;-35;;;;;;;;;;;
1649338538631;0,800000012;-0,496564537;;331,5489478;-28,45105224;;0;0;0;-35;;;-35;;;;;;;;;;;
1649338539176;0,800000012;-0,496564537;;331,5489478;-28,45105224;;0;0;0;-35;;;-35;;;;;;;;;;;
1649338539703;0,800000012;-0,541552246;;328,9713419;-31,02865806;;0;0;0;-35;;;-35;;;;;;;;;;;
1649338540188;0,800000012;-0,656858444;;322,3647834;-37,63521659;;0;0;0;-35;;;-35;;;;;;;;;;;
1649338540715;0,800000012;-0,656858444;;322,3647834;-37,63521659;;0;0;0;-35;;;-35;;;;;;;;;;;
1649338541182;0,800000012;-0,656858444;;322,3647834;-37,63521659;;0;0;0;-35;;;-35;;;;;;;;;;;
1649338541687;0,800000012;-0,765273988;;316,1530303;-43,8469697;;0;0;0;-35;;;-35;;;;;;;;;;;
1649338542232;0,800000012;-0,765273988;;316,1530303;-43,8469697;;0;0;0;-35;;;-35;;;;;;;;;;;
1649338542718;0,800000012;-0,761984169;;316,341523;-43,65847697;;0;0;0;-35;;;-35;;;;;;;;;;;
1649338543244;0,800000012;-0,761984169;;316,341523;-43,65847697;;0;0;0;-35;;;-35;;;;;;;;;;;
1649338543730;0,800000012;-0,763612449;;316,2482295;-43,75177052;;0;0;0;-35;;;-35;;;;;;;;;;;
1649338544393;0,800000012;-0,763612449;;316,2482295;-43,75177052;;0;0;0;-35;;;-35;;;;;;;;;;;
1649338544782;0,800000012;-0,829707026;;312,4612892;-47,53871085;;0;0;0;-35;;;-35;;;;;;;;;;;
1649338545288;0,800000012;-0,706347704;;319,5292577;-40,4707423;;0;0;0;-35;;;-35;;;;;;;;;;;
1649338545775;0,800000012;-0,706347704;;319,5292577;-40,4707423;;0;0;0;-35;;;-35;;;;;;;;;;;
1649338546300;0,800000012;-0,535279095;;329,330767;-30,66923301;;0;0;0;-35;;;-35;;;;;;;;;;;
1649338546864;0,800000012;-0,535279095;;329,330767;-30,66923301;;0;0;0;-35;;;-35;;;;;;;;;;;
1649338547350;0,800000012;-0,701805234;;319,7895221;-40,21047795;;0;0;0;-35;;;-35;;;;;;;;;;;
1649338547915;0,800000012;-0,701805234;;319,7895221;-40,21047795;;0;0;0;-35;;;-35;;;;;;;;;;;
1649338548441;0,800000012;-0,952659726;;305,4166184;-54,58338162;;0;0;0;-35;;;-35;;;;;;;;;;;
1649338548908;0,800000012;-0,952659726;;305,4166184;-54,58338162;;0;0;0;-35;;;-35;;;;;;;;;;;
1649338549393;0,800000012;-0,672489464;;321,4691919;-38,53080807;;0;0;0;-35;;;-35;;;;;;;;;;;
1649338549783;0,800000012;-0,672489464;;321,4691919;-38,53080807;;0;0;0;-35;;;-35;;;;;;;;;;;
1649338550289;0,800000012;-0,901829243;;308,3289906;-51,67100945;;0;0;0;-35;;;-35;;;;;;;;;;;
1649338550776;0,800000012;-0,901829243;;308,3289906;-51,67100945;;0;0;0;-35;;;-35;;;;;;;;;;;
1649338551378;0,800000012;-1,296408892;;285,721242;-74,27875802;;0;0;0;0;;;0;;;;;;;;;;;
1649338551749;0,800000012;-1,296408892;;285,721242;-74,27875802;;0;0;0;0;;;0;;;;;;;;;;;
1649338552275;0,800000012;-1,296408892;;285,721242;-74,27875802;;0;0;0;0;;;0;;;;;;;;;;;
1649338552781;0,800000012;-1,006635427;;302,3240385;-57,6759615;;0;0;0;0;;;0;;;;;;;;;;;
1649338553267;0,800000012;-1,199689031;;291,2628818;-68,73711818;;0;0;0;0;;;0;;;;;;;;;;;
1649338553871;0,800000012;-1,199689031;;291,2628818;-68,73711818;;0;0;0;0;;;0;;;;;;;;;;;
1649338554317;0,800000012;-0,89369452;;308,7950758;-51,20492417;;0;0;0;-35;;;-35;;;;;;;;;;;
1649338554784;0,800000012;-0,89369452;;308,7950758;-51,20492417;;0;0;0;-35;;;-35;;;;;;;;;;;
1649338555330;0,800000012;-0,694244027;;320,2227473;-39,77725271;;0;0;0;-35;;;-35;;;;;;;;;;;
1649338555796;0,800000012;-0,694244027;;320,2227473;-39,77725271;;0;0;0;-35;;;-35;;;;;;;;;;;
1649338556361;0,800000012;-1,11008358;;296,396896;-63,60310404;;0;0;0;0;;;0;;;;;;;;;;;
1649338556829;0,800000012;-1,11008358;;296,396896;-63,60310404;;0;0;0;0;;;0;;;;;;;;;;;
1649338557335;0,800000012;-1,090936422;;297,4939473;-62,50605272;;0;0;0;0;;;0;;;;;;;;;;;
1649338557860;0,800000012;-1,090936422;;297,4939473;-62,50605272;;0;0;0;0;;;0;;;;;;;;;;;
1649338558366;0,800000012;-0,977576733;;303,9889791;-56,01102093;;0;0;0;0;;;0;;;;;;;;;;;
1649338558871;0,800000012;-0,977576733;;303,9889791;-56,01102093;;0;0;0;0;;;0;;;;;;;;;;;
1649338559378;0,800000012;-0,73567301;;317,8490414;-42,15095859;;0;0;0;-35;;;-35;;;;;;;;;;;
1649338559865;0,800000012;-0,73567301;;317,8490414;-42,15095859;;0;0;0;-35;;;-35;;;;;;;;;;;
1649338560525;0,800000012;-0,093168929;;354,6618136;-5,338186426;;0;0;0;0;;;0;;;;;;;;;;;
1649338560895;0,800000012;-0,093168929;;354,6618136;-5,338186426;;0;0;0;0;;;0;;;;;;;;;;;
1649338561440;0,800000012;-0,353533238;;339,7440375;-20,25596246;;0;0;0;0;;;0;;;;;;;;;;;
1649338561927;0,800000012;-0,353533238;;339,7440375;-20,25596246;;0;0;0;0;;;0;;;;;;;;;;;
1649338562452;0,800000012;-0,497936696;;331,4703289;-28,52967113;;0;0;0;-35;;;-35;;;;;;;;;;;
1649338562998;0,800000012;-0,497936696;;331,4703289;-28,52967113;;0;0;0;-35;;;-35;;;;;;;;;;;
1649338563483;0,800000012;-0,985584438;;303,5301714;-56,46982864;;0;0;0;0;;;0;;;;;;;;;;;
1649338563970;0,800000012;-0,985584438;;303,5301714;-56,46982864;;0;0;0;0;;;0;;;;;;;;;;;
1649338564496;0,800000012;-1,075747728;;298,3641953;-61,63580466;;0;0;0;0;;;0;;;;;;;;;;;
1649338565119;0,800000012;-1,075747728;;298,3641953;-61,63580466;;0;0;0;0;;;0;;;;;;;;;;;
1649338565585;0,800000012;-0,661814153;;322,0808422;-37,9191578;;0;0;0;-35;;;-35;;;;;;;;;;;
1649338566072;0,800000012;-0,661814153;;322,0808422;-37,9191578;;0;0;0;-35;;;-35;;;;;;;;;;;
1649338566637;0,800000012;-0,927533448;;306,8562481;-53,14375191;;0;0;0;-35;;;-35;;;;;;;;;;;
1649338567124;0,800000012;-0,927533448;;306,8562481;-53,14375191;;0;0;0;-35;;;-35;;;;;;;;;;;
1649338567688;0,800000012;-0,645921469;;322,9914259;-37,00857406;;0;0;0;-35;;;-35;;;;;;;;;;;
1649338568175;0,800000012;-0,645921469;;322,9914259;-37,00857406;;0;0;0;-35;;;-35;;;;;;;;;;;
1649338568738;0,800000012;-0,927237391;;306,8732109;-53,12678914;;0;0;0;-35;;;-35;;;;;;;;;;;
1649338569206;0,800000012;-0,406674087;;336,6992912;-23,30070883;;0;0;0;0;;;0;;;;;;;;;;;
1649338569770;0,800000012;-0,406674087;;336,6992912;-23,30070883;;0;0;0;0;;;0;;;;;;;;;;;
1649338570275;0,800000012;-0,760732472;;316,41324;-43,58675998;;0;0;0;-35;;;-35;;;;;;;;;;;
1649338570820;0,800000012;-0,760732472;;316,41324;-43,58675998;;0;0;0;-35;;;-35;;;;;;;;;;;
1649338571424;0,800000012;-0,530944467;;329,5791229;-30,42087709;;0;0;0;-35;;;-35;;;;;;;;;;;
1649338571872;0,800000012;-0,530944467;;329,5791229;-30,42087709;;0;0;0;-35;;;-35;;;;;;;;;;;
1649338572475;0,800000012;-0,776704609;;315,498104;-44,50189605;;0;0;0;-35;;;-35;;;;;;;;;;;
1649338573019;0,800000012;-0,776704609;;315,498104;-44,50189605;;0;0;0;-35;;;-35;;;;;;;;;;;
1649338573545;0,800000012;-1,139841318;;294,6919032;-65,30809684;;0;0;0;0;;;0;;;;;;;;;;;
1649338573973;0,800000012;-1,139841318;;294,6919032;-65,30809684;;0;0;0;0;;;0;;;;;;;;;;;
1649338574576;0,800000012;-0,581911027;;326,6589541;-33,34104592;;0;0;0;-35;;;-35;;;;;;;;;;;
1649338575024;0,800000012;-0,581911027;;326,6589541;-33,34104592;;0;0;0;-35;;;-35;;;;;;;;;;;
1649338575627;0,800000012;-0,881264389;;309,5072699;-50,4927301;;0;0;0;-35;;;-35;;;;;;;;;;;
1649338576055;0,800000012;-0,881264389;;309,5072699;-50,4927301;;0;0;0;-35;;;-35;;;;;;;;;;;
1649338576601;0,800000012;-0,928863585;;306,7800368;-53,21996316;;0;0;0;-35;;;-35;;;;;;;;;;;
1649338577106;0,800000012;-0,928863585;;306,7800368;-53,21996316;;0;0;0;-35;;;-35;;;;;;;;;;;
1649338577612;0,800000012;-0,581144154;;326,7028927;-33,29710732;;0;0;0;-35;;;-35;;;;;;;;;;;
1649338578177;0,800000012;-0,581144154;;326,7028927;-33,29710732;;0;0;0;-35;;;-35;;;;;;;;;;;
1649338578663;0,800000012;-0,968942285;;304,4836965;-55,5163035;;0;0;0;0;;;0;;;;;;;;;;;
1649338579208;0,800000012;-0,76472646;;316,1844014;-43,81559864;;0;0;0;-35;;;-35;;;;;;;;;;;
1649338579753;0,800000012;-0,76472646;;316,1844014;-43,81559864;;0;0;0;-35;;;-35;;;;;;;;;;;
1649338580356;0,800000012;-1,382866502;;280,7675858;-79,23241418;;0;0;0;0;;;0;;;;;;;;;;;
1649338580823;0,800000012;-1,382866502;;280,7675858;-79,23241418;;0;0;0;0;;;0;;;;;;;;;;;
1649338581232;0,800000012;-1,096173048;;297,1939107;-62,80608927;;0;0;0;0;;;0;;;;;;;;;;;
1649338581835;0,800000012;-1,096173048;;297,1939107;-62,80608927;;0;0;0;0;;;0;;;;;;;;;;;
1649338582283;0,800000012;-0,769043148;;315,9370734;-44,06292662;;0;0;0;-35;;;-35;;;;;;;;;;;
1649338582770;0,800000012;-0,769043148;;315,9370734;-44,06292662;;0;0;0;-35;;;-35;;;;;;;;;;;
1649338583334;0,800000012;-0,993516862;;303,0756769;-56,92432309;;0;0;0;0;;;0;;;;;;;;;;;
1649338583840;0,800000012;-0,993516862;;303,0756769;-56,92432309;;0;0;0;0;;;0;;;;;;;;;;;
1649338584386;0,800000012;-1,182818055;;292,2295175;-67,77048249;;0;0;0;0;;;0;;;;;;;;;;;
1649338584871;0,800000012;-1,182818055;;292,2295175;-67,77048249;;0;0;0;0;;;0;;;;;;;;;;;
1649338585494;0,800000012;-1,136433482;;294,8871578;-65,11284223;;0;0;0;0;;;0;;;;;;;;;;;
1649338586059;0,800000012;-1,136433482;;294,8871578;-65,11284223;;0;0;0;0;;;0;;;;;;;;;;;
1649338586546;0,800000012;0,284689397;;16,3115009;16,3115009;;0;0;0;0;;;0;;;;;;;;;;;
1649338587090;0,800000012;0,284689397;;16,3115009;16,3115009;;0;0;0;0;;;0;;;;;;;;;;;
1649338587518;0,800000012;0,810772002;;46,45381385;46,45381385;;0;0;56;0;;;56;;;;;;;;;;;
1649338588160;0,800000012;0,810772002;;46,45381385;46,45381385;;0;0;56;0;;;56;;;;;;;;;;;
1649338588588;0,800000012;1,115051389;;63,88773852;63,88773852;;0;0;0;0;;;0;;;;;;;;;;;
1649338589212;0,800000012;1,115051389;;63,88773852;63,88773852;;0;0;0;0;;;0;;;;;;;;;;;
1649338589659;0,800000012;1,159907222;;66,45778844;66,45778844;;0;0;0;0;;;0;;;;;;;;;;;
1649338590145;0,800000012;1,144716382;;65,58741743;65,58741743;;0;0;0;0;;;0;;;;;;;;;;;
1649338590788;0,800000012;1,144716382;;65,58741743;65,58741743;;0;0;0;0;;;0;;;;;;;;;;;
1649338591177;0,800000012;0,882238507;;50,54854299;50,54854299;;0;0;56;0;;;56;;;;;;;;;;;
1649338591839;0,800000012;0,882238507;;50,54854299;50,54854299;;0;0;56;0;;;56;;;;;;;;;;;
1649338592248;0,800000012;0,945691526;;54,18413316;54,18413316;;0;0;56;0;;;56;;;;;;;;;;;
1649338592792;0,800000012;0,945691526;;54,18413316;54,18413316;;0;0;56;0;;;56;;;;;;;;;;;
1649338593337;0,800000012;1,002995253;;57,46739485;57,46739485;;0;0;0;0;;;0;;;;;;;;;;;
1649338593843;0,800000012;1,002995253;;57,46739485;57,46739485;;0;0;0;0;;;0;;;;;;;;;;;
1649338594369;0,800000012;1,014144421;;58,10619512;58,10619512;;0;0;0;0;;;0;;;;;;;;;;;
1649338594895;0,800000012;1,014144421;;58,10619512;58,10619512;;0;0;0;0;;;0;;;;;;;;;;;
1649338595458;0,800000012;0,89608103;;51,34166114;51,34166114;;0;0;56;0;;;56;;;;;;;;;;;
1649338595984;0,800000012;0,89608103;;51,34166114;51,34166114;;0;0;56;0;;;56;;;;;;;;;;;
1649338596510;0,800000012;0,890950799;;51,04772054;51,04772054;;0;0;56;0;;;56;;;;;;;;;;;
1649338597016;0,800000012;0,890950799;;51,04772054;51,04772054;;0;0;56;0;;;56;;;;;;;;;;;
1649338597540;0,800000012;0,663493872;;38,01539858;38,01539858;;0;0;56;0;;;56;;;;;;;;;;;
1649338598085;0,800000012;0,663493872;;38,01539858;38,01539858;;0;0;56;0;;;56;;;;;;;;;;;
1649338598689;0,800000012;0,772600532;;44,26674971;44,26674971;;0;0;56;0;;;56;;;;;;;;;;;
1649338599157;0,800000012;0,772600532;;44,26674971;44,26674971;;0;0;56;0;;;56;;;;;;;;;;;
1649338599624;0,800000012;0,562575638;;32,23320973;32,23320973;;0;0;0;0;;;0;;;;;;;;;;;
1649338600208;0,800000012;0,562575638;;32,23320973;32,23320973;;0;0;0;0;;;0;;;;;;;;;;;
1649338600713;0,800000012;0,71170038;;40,77742804;40,77742804;;0;0;56;0;;;56;;;;;;;;;;;
1649338601297;0,800000012;0,497924149;;28,52895226;28,52895226;;0;0;0;0;;;0;;;;;;;;;;;
1649338601842;0,800000012;0,497924149;;28,52895226;28,52895226;;0;0;0;0;;;0;;;;;;;;;;;
1649338602465;0,800000012;0,897198558;;51,40569075;51,40569075;;0;0;56;0;;;56;;;;;;;;;;;
1649338602853;0,800000012;0,897198558;;51,40569075;51,40569075;;0;0;56;0;;;56;;;;;;;;;;;
1649338603419;0,800000012;1,194758058;;68,45459424;68,45459424;;0;0;0;0;;;0;;;;;;;;;;;
1649338603944;0,800000012;1,194758058;;68,45459424;68,45459424;;0;0;0;0;;;0;;;;;;;;;;;
1649338604469;0,800000012;0,702324808;;40,24024733;40,24024733;;0;0;56;0;;;56;;;;;;;;;;;
1649338604995;0,800000012;0,702324808;;40,24024733;40,24024733;;0;0;56;0;;;56;;;;;;;;;;;
1649338605520;0,800000012;1,055286646;;60,46347099;60,46347099;;0;0;0;0;;;0;;;;;;;;;;;
1649338606202;0,800000012;1,055286646;;60,46347099;60,46347099;;0;0;0;0;;;0;;;;;;;;;;;
1649338606726;0,800000012;0,874791622;;50,1218679;50,1218679;;0;0;56;0;;;56;;;;;;;;;;;
1649338607136;0,800000012;0,795689523;;45,58965148;45,58965148;;0;0;56;0;;;56;;;;;;;;;;;
1649338607699;0,800000012;0,795689523;;45,58965148;45,58965148;;0;0;56;0;;;56;;;;;;;;;;;
1649338608341;0,800000012;0,646246433;;37,02719315;37,02719315;;0;0;56;0;;;56;;;;;;;;;;;
1649338608731;0,800000012;0,646246433;;37,02719315;37,02719315;;0;0;56;0;;;56;;;;;;;;;;;
1649338609392;0,800000012;0,608357847;;34,85633705;34,85633705;;0;0;56;0;;;56;;;;;;;;;;;
1649338609840;0,800000012;0,608357847;;34,85633705;34,85633705;;0;0;56;0;;;56;;;;;;;;;;;
1649338610463;0,800000012;0,505470812;;28,96134421;28,96134421;;0;0;0;0;;;0;;;;;;;;;;;
1649338611028;0,800000012;0,505470812;;28,96134421;28,96134421;;0;0;0;0;;;0;;;;;;;;;;;
1649338611417;0,800000012;-0,063804142;;356,3442919;-3,655708062;;0;0;0;0;;;0;;;;;;;;;;;
1649338611962;0,800000012;-0,063804142;;356,3442919;-3,655708062;;0;0;0;0;;;0;;;;;;;;;;;
1649338612525;0,800000012;-0,837689579;;312,0039226;-47,99607739;;0;0;0;-35;;;0;;;;;;;;;;;
1649338613012;0,800000012;-0,837689579;;312,0039226;-47,99607739;;0;0;0;-35;;;0;;;;;;;;;;;
1649338613577;0,800000012;-0,704274952;;319,6480176;-40,35198239;;0;0;0;-35;;;-35;;;;;;;;;;;
1649338613985;0,800000012;-0,704274952;;319,6480176;-40,35198239;;0;0;0;-35;;;-35;;;;;;;;;;;
1649338614491;0,800000012;-0,542573988;;328,9128004;-31,08719961;;0;0;0;-35;;;-35;;;;;;;;;;;
1649338615037;0,800000012;-0,542573988;;328,9128004;-31,08719961;;0;0;0;-35;;;-35;;;;;;;;;;;
1649338615523;0,800000012;-0,185787871;;349,3551391;-10,64486092;;0;0;0;0;;;0;;;;;;;;;;;
1649338616067;0,800000012;-0,185787871;;349,3551391;-10,64486092;;0;0;0;0;;;0;;;;;;;;;;;
1649338616612;0,800000012;-0,669283926;;321,6528557;-38,34714428;;0;0;0;-35;;;-35;;;;;;;;;;;
1649338617139;0,800000012;-0,669283926;;321,6528557;-38,34714428;;0;0;0;-35;;;-35;;;;;;;;;;;
1649338617624;0,800000012;-0,914821625;;307,5845819;-52,41541811;;0;0;0;-35;;;-35;;;;;;;;;;;
1649338618189;0,800000012;-0,914821625;;307,5845819;-52,41541811;;0;0;0;-35;;;-35;;;;;;;;;;;
1649338618753;0,800000012;-0,689246893;;320,509062;-39,49093801;;0;0;0;-35;;;-35;;;;;;;;;;;
1649338619260;0,800000012;-0,848438501;;311,3880547;-48,6119453;;0;0;0;-35;;;-35;;;;;;;;;;;
1649338619824;0,800000012;-0,848438501;;311,3880547;-48,6119453;;0;0;0;-35;;;-35;;;;;;;;;;;
1649338620467;0,800000012;-0,784033656;;315,0781805;-44,92181949;;0;0;0;-35;;;-35;;;;;;;;;;;
1649338620855;0,800000012;-0,784033656;;315,0781805;-44,92181949;;0;0;0;-35;;;-35;;;;;;;;;;;
1649338621536;0,800000012;-1,220482111;;290,0715261;-69,92847393;;0;0;0;0;;;0;;;;;;;;;;;
1649338621925;0,800000012;-1,220482111;;290,0715261;-69,92847393;;0;0;0;0;;;0;;;;;;;;;;;
1649338622490;0,800000012;-0,41227293;;336,3785011;-23,6214989;;0;0;0;0;;;0;;;;;;;;;;;
1649338622976;0,800000012;-0,41227293;;336,3785011;-23,6214989;;0;0;0;0;;;0;;;;;;;;;;;
1649338623521;0,800000012;-0,774021506;;315,6518344;-44,34816556;;0;0;0;-35;;;-35;;;;;;;;;;;
1649338624047;0,800000012;-0,774021506;;315,6518344;-44,34816556;;0;0;0;-35;;;-35;;;;;;;;;;;
1649338624591;0,800000012;-1,134999394;;294,969325;-65,03067505;;0;0;0;0;;;0;;;;;;;;;;;
1649338625079;0,800000012;-1,134999394;;294,969325;-65,03067505;;0;0;0;0;;;0;;;;;;;;;;;
1649338625760;0,800000012;-0,700309932;;319,8751965;-40,12480347;;0;0;0;-35;;;-35;;;;;;;;;;;
1649338626148;0,800000012;-1,496698141;;274,2455133;-85,75448669;;0;0;0;0;;;0;;;;;;;;;;;
1649338626693;0,800000012;-1,496698141;;274,2455133;-85,75448669;;0;0;0;0;;;0;;;;;;;;;;;
1649338627181;0,800000012;-1,650979519;;265,4058415;-94,59415849;;0;0;0;0;;;0;;;;;;;;;;;
1649338627744;0,800000012;-1,650979519;;265,4058415;-94,59415849;;0;0;0;0;;;0;;;;;;;;;;;
1649338628232;0,800000012;-1,903659821;;250,9283267;-109,0716733;;0;0;0;0;;;0;;;;;;;;;;;
1649338628775;0,800000012;-1,903659821;;250,9283267;-109,0716733;;0;0;0;0;;;0;;;;;;;;;;;
1649338629398;0,800000012;-2,175854206;;235,3327372;-124,6672628;;-124;0;0;0;;;-124;;;;;;;;;;;
1649338629847;0,800000012;-2,175854206;;235,3327372;-124,6672628;;-124;0;0;0;;;-124;;;;;;;;;;;
1649338630352;0,800000012;-2,431545734;;220,6826917;-139,3173083;;-124;0;0;0;;;-124;;;;;;;;;;;
1649338631015;0,800000012;-2,431545734;;220,6826917;-139,3173083;;-124;0;0;0;;;-124;;;;;;;;;;;
1649338631540;0,800000012;-2,27964282;;229,3860876;-130,6139124;;-124;0;0;0;;;-124;;;;;;;;;;;
1649338631949;0,800000012;-2,27964282;;229,3860876;-130,6139124;;-124;0;0;0;;;-124;;;;;;;;;;;
1649338632435;0,800000012;-2,187081099;;234,6894836;-125,3105164;;-124;0;0;0;;;-124;;;;;;;;;;;
1649338632979;0,800000012;-2,187081099;;234,6894836;-125,3105164;;-124;0;0;0;;;-124;;;;;;;;;;;
1649338633467;0,800000012;-2,42445612;;221,0888967;-138,9111033;;-124;0;0;0;;;-124;;;;;;;;;;;
1649338634031;0,800000012;-2,42445612;;221,0888967;-138,9111033;;-124;0;0;0;;;-124;;;;;;;;;;;
1649338634537;0,800000012;-1,805166483;;256,5715792;-103,4284208;;0;0;0;0;;;0;;;;;;;;;;;
1649338635178;0,800000012;-1,805166483;;256,5715792;-103,4284208;;0;0;0;0;;;0;;;;;;;;;;;
1649338635587;0,800000012;-2,253670931;;230,8741673;-129,1258327;;-124;0;0;0;;;-124;;;;;;;;;;;
1649338636132;0,800000012;-2,280156136;;229,3566768;-130,6433232;;-124;0;0;0;;;-124;;;;;;;;;;;
1649338636736;0,800000012;-2,280156136;;229,3566768;-130,6433232;;-124;0;0;0;;;-124;;;;;;;;;;;
1649338637183;0,800000012;-2,266457081;;230,1415748;-129,8584252;;-124;0;0;0;;;-124;;;;;;;;;;;
1649338637689;0,800000012;-2,266457081;;230,1415748;-129,8584252;;-124;0;0;0;;;-124;;;;;;;;;;;
1649338638234;0,800000012;-2,266457081;;230,1415748;-129,8584252;;-124;0;0;0;;;-124;;;;;;;;;;;
1649338638759;0,800000012;-2,286739826;;228,9794591;-131,0205409;;-124;0;0;0;;;-124;;;;;;;;;;;
1649338639285;0,800000012;-2,084434986;;240,5706726;-119,4293274;;-124;0;0;0;;;-124;;;;;;;;;;;
1649338639791;0,800000012;-2,084434986;;240,5706726;-119,4293274;;-124;0;0;0;;;-124;;;;;;;;;;;
1649338640414;0,800000012;-2,16058588;;236,2075478;-123,7924522;;-124;0;0;0;;;-124;;;;;;;;;;;
1649338640919;0,800000012;-2,16058588;;236,2075478;-123,7924522;;-124;0;0;0;;;-124;;;;;;;;;;;
1649338641426;0,800000012;-2,398429155;;222,5801319;-137,4198681;;-124;0;0;0;;;-124;;;;;;;;;;;
1649338642009;0,800000012;-2,398429155;;222,5801319;-137,4198681;;-124;0;0;0;;;-124;;;;;;;;;;;
1649338642554;0,800000012;-2,256089926;;230,7355691;-129,2644309;;-124;0;0;0;;;-124;;;;;;;;;;;
1649338642944;0,800000012;-2,256089926;;230,7355691;-129,2644309;;-124;0;0;0;;;-124;;;;;;;;;;;
1649338643509;0,800000012;-2,350497246;;225,3264281;-134,6735719;;-124;0;0;0;;;-124;;;;;;;;;;;
1649338644111;0,800000012;-2,350497246;;225,3264281;-134,6735719;;-124;0;0;0;;;-124;;;;;;;;;;;
1649338644675;0,800000012;-2,305827856;;227,8857956;-132,1142044;;-124;0;0;0;;;-124;;;;;;;;;;;
1649338645066;0,800000012;-2,562849045;;213,1595662;-146,8404338;;-124;0;0;0;;;-124;;;;;;;;;;;
1649338645747;0,800000012;-2,562849045;;213,1595662;-146,8404338;;-124;0;0;0;;;-124;;;;;;;;;;;
1649338646272;0,800000012;-1,493132472;;274,4498111;-85,5501889;;0;0;0;0;;;0;;;;;;;;;;;
1649338646758;0,800000012;-1,493132472;;274,4498111;-85,5501889;;0;0;0;0;;;0;;;;;;;;;;;
1649338647283;0,800000012;-0,989809871;;303,2880719;-56,71192811;;0;0;0;0;;;0;;;;;;;;;;;
1649338647771;0,800000012;-0,989809871;;303,2880719;-56,71192811;;0;0;0;0;;;0;;;;;;;;;;;
1649338648354;0,800000012;-1,121191025;;295,7604863;-64,23951375;;0;0;0;0;;;0;;;;;;;;;;;
1649338648821;0,800000012;-1,121191025;;295,7604863;-64,23951375;;0;0;0;0;;;0;;;;;;;;;;;
1649338649268;0,800000012;-1,328924417;;283,8582396;-76,14176041;;0;0;0;0;;;0;;;;;;;;;;;
1649338649833;0,800000012;-1,328924417;;283,8582396;-76,14176041;;0;0;0;0;;;0;;;;;;;;;;;
1649338650436;0,800000012;-1,159943342;;293,540142;-66,45985798;;0;0;0;0;;;0;;;;;;;;;;;
1649338650865;0,800000012;-1,159943342;;293,540142;-66,45985798;;0;0;0;0;;;0;;;;;;;;;;;
1649338651352;0,800000012;-1,402841568;;279,6230988;-80,37690117;;0;0;0;0;;;0;;;;;;;;;;;
1649338651897;0,800000012;-1,402841568;;279,6230988;-80,37690117;;0;0;0;0;;;0;;;;;;;;;;;
1649338652402;0,800000012;-1,009525537;;302,1584474;-57,84155261;;0;0;0;0;;;0;;;;;;;;;;;
1649338653063;0,800000012;-1,009525537;;302,1584474;-57,84155261;;0;0;0;0;;;0;;;;;;;;;;;
1649338653569;0,800000012;-0,669897258;;321,6177144;-38,38228561;;0;0;0;-35;;;-35;;;;;;;;;;;
1649338653978;0,800000012;-0,669897258;;321,6177144;-38,38228561;;0;0;0;-35;;;-35;;;;;;;;;;;
1649338654466;0,800000012;-0,870609879;;310,1177283;-49,8822717;;0;0;0;-35;;;-35;;;;;;;;;;;
1649338655029;0,800000012;-0,870609879;;310,1177283;-49,8822717;;0;0;0;-35;;;-35;;;;;;;;;;;
1649338655517;0,800000012;-0,499343753;;331,3897104;-28,61028957;;0;0;0;-35;;;-35;;;;;;;;;;;
1649338656080;0,800000012;-0,499343753;;331,3897104;-28,61028957;;0;0;0;-35;;;-35;;;;;;;;;;;
1649338656626;0,800000012;-0,709927142;;319,324171;-40,67582898;;0;0;0;-35;;;-35;;;;;;;;;;;
1649338657093;0,800000012;-0,709927142;;319,324171;-40,67582898;;0;0;0;-35;;;-35;;;;;;;;;;;
1649338657695;0,800000012;-0,737022221;;317,7717373;-42,22826268;;0;0;0;-35;;;-35;;;;;;;;;;;
1649338658104;0,800000012;-0,737022221;;317,7717373;-42,22826268;;0;0;0;-35;;;-35;;;;;;;;;;;
1649338658629;0,800000012;-1,029540658;;301,0116655;-58,98833454;;0;0;0;0;;;0;;;;;;;;;;;
1649338659155;0,800000012;-0,945625246;;305,8196644;-54,18033557;;0;0;0;-35;;;-35;;;;;;;;;;;
1649338659642;0,800000012;-0,945625246;;305,8196644;-54,18033557;;0;0;0;-35;;;-35;;;;;;;;;;;
1649338660128;0,800000012;-0,945625246;;305,8196644;-54,18033557;;0;0;0;-35;;;-35;;;;;;;;;;;
1649338660635;0,800000012;-0,930757642;;306,6715154;-53,32848462;;0;0;0;-35;;;-35;;;;;;;;;;;
1649338661198;0,800000012;-0,306641698;;342,4307249;-17,56927511;;0;0;0;0;;;0;;;;;;;;;;;
1649338661665;0,800000012;-0,306641698;;342,4307249;-17,56927511;;0;0;0;0;;;0;;;;;;;;;;;
1649338662308;0,800000012;-0,306641698;;342,4307249;-17,56927511;;0;0;0;0;;;0;;;;;;;;;;;
1649338662716;0,800000012;-0,738641083;;317,6789834;-42,32101664;;0;0;0;-35;;;-35;;;;;;;;;;;
1649338663262;0,800000012;-0,801529229;;314,075758;-45,92424196;;0;0;0;-35;;;-35;;;;;;;;;;;
1649338663845;0,800000012;-0,801529229;;314,075758;-45,92424196;;0;0;0;-35;;;-35;;;;;;;;;;;
1649338664255;0,800000012;-0,95071733;;305,5279095;-54,47209052;;0;0;0;-35;;;-35;;;;;;;;;;;
1649338664779;0,800000012;-0,95071733;;305,5279095;-54,47209052;;0;0;0;-35;;;-35;;;;;;;;;;;
1649338665285;0,800000012;-0,870608509;;310,1178068;-49,88219315;;0;0;0;-35;;;-35;;;;;;;;;;;
1649338665812;0,800000012;-0,870608509;;310,1178068;-49,88219315;;0;0;0;-35;;;-35;;;;;;;;;;;
1649338666336;0,800000012;-0,170699179;;350,2196575;-9,780342533;;0;0;0;0;;;0;;;;;;;;;;;
1649338666785;0,800000012;-0,170699179;;350,2196575;-9,780342533;;0;0;0;0;;;0;;;;;;;;;;;
1649338667290;0,800000012;-0,968139887;;304,5296705;-55,4703295;;0;0;0;0;;;0;;;;;;;;;;;
1649338667893;0,800000012;-0,968139887;;304,5296705;-55,4703295;;0;0;0;0;;;0;;;;;;;;;;;
1649338668380;0,800000012;-0,542983949;;328,8893114;-31,11068863;;0;0;0;-35;;;-35;;;;;;;;;;;
1649338668867;0,800000012;-0,542983949;;328,8893114;-31,11068863;;0;0;0;-35;;;-35;;;;;;;;;;;
1649338669432;0,800000012;-0,811260223;;313,5182131;-46,48178689;;0;0;0;-35;;;-35;;;;;;;;;;;
1649338670035;0,800000012;-0,811260223;;313,5182131;-46,48178689;;0;0;0;-35;;;-35;;;;;;;;;;;
1649338670444;0,800000012;-0,763242364;;316,2694338;-43,7305662;;0;0;0;-35;;;-35;;;;;;;;;;;
1649338671007;0,800000012;-0,763242364;;316,2694338;-43,7305662;;0;0;0;-35;;;-35;;;;;;;;;;;
1649338671435;0,800000012;-1,209118843;;290,7225934;-69,27740664;;0;0;0;0;;;0;;;;;;;;;;;
1649338672078;0,800000012;-1,209118843;;290,7225934;-69,27740664;;0;0;0;0;;;0;;;;;;;;;;;
1649338672486;0,800000012;-0,899219215;;308,4785341;-51,52146587;;0;0;0;-35;;;-35;;;;;;;;;;;
1649338672993;0,800000012;-0,899219215;;308,4785341;-51,52146587;;0;0;0;-35;;;-35;;;;;;;;;;;
1649338673519;0,800000012;-0,915382981;;307,5524185;-52,44758147;;0;0;0;-35;;;-35;;;;;;;;;;;
1649338674004;0,800000012;-0,915382981;;307,5524185;-52,44758147;;0;0;0;-35;;;-35;;;;;;;;;;;
1649338674667;0,800000012;-0,440130621;;334,782373;-25,21762703;;0;0;0;-35;;;-35;;;;;;;;;;;
1649338675017;0,800000012;-0,440130621;;334,782373;-25,21762703;;0;0;0;-35;;;-35;;;;;;;;;;;
1649338675601;0,800000012;-0,781601787;;315,2175164;-44,78248363;;0;0;0;-35;;;-35;;;;;;;;;;;
1649338676087;0,800000012;-0,781601787;;315,2175164;-44,78248363;;0;0;0;-35;;;-35;;;;;;;;;;;
1649338676651;0,800000012;-0,810414553;;313,5666665;-46,43333353;;0;0;0;-35;;;-35;;;;;;;;;;;
1649338677099;0,800000012;-0,810414553;;313,5666665;-46,43333353;;0;0;0;-35;;;-35;;;;;;;;;;;
1649338677664;0,800000012;-0,495229542;;331,6254373;-28,37456266;;0;0;0;-35;;;-35;;;;;;;;;;;
1649338678151;0,800000012;-0,495229542;;331,6254373;-28,37456266;;0;0;0;-35;;;-35;;;;;;;;;;;
1649338678695;0,800000012;-0,562856436;;327,7507018;-32,24929824;;0;0;0;-35;;;-35;;;;;;;;;;;
1649338679338;0,800000012;-0,465809584;;333,3110768;-26,6889232;;0;0;0;-35;;;-35;;;;;;;;;;;
1649338679766;0,800000012;-0,465809584;;333,3110768;-26,6889232;;0;0;0;-35;;;-35;;;;;;;;;;;
1649338680251;0,800000012;-0,636081636;;323,5552068;-36,44479317;;0;0;0;-35;;;-35;;;;;;;;;;;
1649338680797;0,800000012;-0,636081636;;323,5552068;-36,44479317;;0;0;0;-35;;;-35;;;;;;;;;;;
1649338681420;0,800000012;-0,618090928;;324,5859985;-35,41400151;;0;0;0;-35;;;-35;;;;;;;;;;;
1649338681847;0,800000012;-0,618090928;;324,5859985;-35,41400151;;0;0;0;-35;;;-35;;;;;;;;;;;
1649338682451;0,800000012;-0,401171267;;337,0145795;-22,98542046;;0;0;0;0;;;0;;;;;;;;;;;
1649338682977;0,800000012;-0,401171267;;337,0145795;-22,98542046;;0;0;0;0;;;0;;;;;;;;;;;
1649338683503;0,800000012;-0,911645591;;307,7665552;-52,23344479;;0;0;0;-35;;;-35;;;;;;;;;;;
1649338684027;0,800000012;-0,911645591;;307,7665552;-52,23344479;;0;0;0;-35;;;-35;;;;;;;;;;;
1649338684455;0,800000012;-0,950799942;;305,5231762;-54,47682384;;0;0;0;-35;;;-35;;;;;;;;;;;
1649338684962;0,800000012;-0,950799942;;305,5231762;-54,47682384;;0;0;0;-35;;;-35;;;;;;;;;;;
1649338685428;0,800000012;-0,759863079;;316,4630526;-43,53694741;;0;0;0;-35;;;-35;;;;;;;;;;;
1649338685974;0,800000012;-0,759863079;;316,4630526;-43,53694741;;0;0;0;-35;;;-35;;;;;;;;;;;
1649338686558;0,800000012;-0,620960593;;324,4215788;-35,57842124;;0;0;0;-35;;;-35;;;;;;;;;;;
1649338687180;0,800000012;-0,620960593;;324,4215788;-35,57842124;;0;0;0;-35;;;-35;;;;;;;;;;;
1649338687686;0,800000012;-0,551674008;;328,3914077;-31,60859235;;0;0;0;-35;;;-35;;;;;;;;;;;
1649338688133;0,800000012;-0,980694413;;303,8103491;-56,18965087;;0;0;0;0;;;0;;;;;;;;;;;
1649338688639;0,800000012;-0,980694413;;303,8103491;-56,18965087;;0;0;0;0;;;0;;;;;;;;;;;
1649338689204;0,800000012;-1,041627407;;300,3191457;-59,68085425;;0;0;0;0;;;0;;;;;;;;;;;
1649338689768;0,800000012;-1,041627407;;300,3191457;-59,68085425;;0;0;0;0;;;0;;;;;;;;;;;
1649338690295;0,800000012;-1,967885852;;247,2484461;-112,7515539;;0;0;0;0;;;0;;;;;;;;;;;
1649338690820;0,800000012;-1,967885852;;247,2484461;-112,7515539;;0;0;0;0;;;0;;;;;;;;;;;
1649338691364;0,800000012;-2,558001041;;213,4373363;-146,5626637;;-124;0;0;0;;;-124;;;;;;;;;;;
1649338691851;0,800000012;-2,558001041;;213,4373363;-146,5626637;;-124;0;0;0;;;-124;;;;;;;;;;;
1649338692434;0,800000012;-2,118152618;;238,6387946;-121,3612054;;-124;0;0;0;;;-124;;;;;;;;;;;
1649338693039;0,800000012;-2,118152618;;238,6387946;-121,3612054;;-124;0;0;0;;;-124;;;;;;;;;;;
1649338693485;0,800000012;-2,287557125;;228,9326313;-131,0673687;;-124;0;0;0;;;-124;;;;;;;;;;;
1649338693973;0,800000012;-2,287557125;;228,9326313;-131,0673687;;-124;0;0;0;;;-124;;;;;;;;;;;
1649338694517;0,800000012;-2,500966787;;216,7051584;-143,2948416;;-124;0;0;0;;;-124;;;;;;;;;;;
1649338695141;0,800000012;-2,500966787;;216,7051584;-143,2948416;;-124;0;0;0;;;-124;;;;;;;;;;;
1649338695588;0,800000012;-2,375729084;;223,8807502;-136,1192498;;-124;0;0;0;;;-124;;;;;;;;;;;
1649338696113;0,800000012;-2,244744778;;231,3855982;-128,6144018;;-124;0;0;0;;;-124;;;;;;;;;;;
1649338696657;0,800000012;-2,244744778;;231,3855982;-128,6144018;;-124;0;0;0;;;-124;;;;;;;;;;;
1649338697164;0,800000012;-2,244744778;;231,3855982;-128,6144018;;-124;0;0;0;;;-124;;;;;;;;;;;
1649338697709;0,800000012;-2,05885911;;242,0360624;-117,9639376;;-124;0;0;0;;;-124;;;;;;;;;;;
1649338698175;0,800000012;-1,731144905;;260,8127032;-99,18729679;;0;0;0;0;;;0;;;;;;;;;;;
1649338698759;0,800000012;-1,731144905;;260,8127032;-99,18729679;;0;0;0;0;;;0;;;;;;;;;;;
1649338699403;0,800000012;-2,054055929;;242,3112644;-117,6887356;;-124;0;0;0;;;-124;;;;;;;;;;;
1649338699927;0,800000012;-2,054055929;;242,3112644;-117,6887356;;-124;0;0;0;;;-124;;;;;;;;;;;
1649338700452;0,800000012;-2,315515518;;227,3307334;-132,6692666;;-124;0;0;0;;;-124;;;;;;;;;;;
1649338700940;0,800000012;-2,315515518;;227,3307334;-132,6692666;;-124;0;0;0;;;-124;;;;;;;;;;;
1649338701368;0,800000012;-2,116924524;;238,7091592;-121,2908408;;-124;0;0;0;;;-124;;;;;;;;;;;
1649338701854;0,800000012;-2,116924524;;238,7091592;-121,2908408;;-124;0;0;0;;;-124;;;;;;;;;;;
1649338702400;0,800000012;-2,124965191;;238,2484629;-121,7515371;;-124;0;0;0;;;-124;;;;;;;;;;;
1649338702866;0,800000012;-2,124965191;;238,2484629;-121,7515371;;-124;0;0;0;;;-124;;;;;;;;;;;
1649338703352;0,800000012;-1,80967164;;256,3134527;-103,6865473;;0;0;0;0;;;0;;;;;;;;;;;
1649338703898;0,800000012;-1,80967164;;256,3134527;-103,6865473;;0;0;0;0;;;0;;;;;;;;;;;
1649338704461;0,800000012;-2,07176733;;241,2964758;-118,7035242;;-124;0;0;0;;;-124;;;;;;;;;;;
1649338704949;0,800000012;-2,07176733;;241,2964758;-118,7035242;;-124;0;0;0;;;-124;;;;;;;;;;;
1649338705493;0,800000012;-2,334124088;;226,2645409;-133,7354591;;-124;0;0;0;;;-124;;;;;;;;;;;
1649338705980;0,800000012;-2,334124088;;226,2645409;-133,7354591;;-124;0;0;0;;;-124;;;;;;;;;;;
1649338706564;0,800000012;-2,106064081;;239,3314168;-120,6685832;;-124;0;0;0;;;-124;;;;;;;;;;;
1649338707089;0,800000012;-2,106064081;;239,3314168;-120,6685832;;-124;0;0;0;;;-124;;;;;;;;;;;
1649338707497;0,800000012;-2,147606134;;236,9512324;-123,0487676;;-124;0;0;0;;;-124;;;;;;;;;;;
1649338708063;0,800000012;-2,147606134;;236,9512324;-123,0487676;;-124;0;0;0;;;-124;;;;;;;;;;;
1649338708568;0,800000012;-2,335265875;;226,1991213;-133,8008787;;-124;0;0;0;;;-124;;;;;;;;;;;
1649338709094;0,800000012;-2,335265875;;226,1991213;-133,8008787;;-124;0;0;0;;;-124;;;;;;;;;;;
1649338709697;0,800000012;-2,956189156;;190,6228379;-169,3771621;;0;0;0;0;;;0;;;;;;;;;;;
1649338710242;0,800000012;2,85193634;;163,4039157;163,4039157;;0;0;0;0;;;0;;;;;;;;;;;
1649338710632;0,800000012;2,85193634;;163,4039157;163,4039157;;0;0;0;0;;;0;;;;;;;;;;;
1649338711195;0,800000012;2,85193634;;163,4039157;163,4039157;;0;0;0;0;;;0;;;;;;;;;;;
1649338711779;0,800000012;2,194529295;;125,7372666;125,7372666;;0;145;0;0;;;145;;;;;;;;;;;
1649338712343;0,800000012;2,061738491;;118,128914;118,128914;;0;0;0;0;;;0;;;;;;;;;;;
1649338712732;0,800000012;2,061738491;;118,128914;118,128914;;0;0;0;0;;;0;;;;;;;;;;;
1649338713259;0,800000012;2,130168915;;122,0496885;122,0496885;;0;145;0;0;;;145;;;;;;;;;;;
1649338713744;0,800000012;2,130168915;;122,0496885;122,0496885;;0;145;0;0;;;145;;;;;;;;;;;
1649338714329;0,800000012;2,07036829;;118,6233651;118,6233651;;0;0;0;0;;;0;;;;;;;;;;;
1649338714873;0,800000012;2,07036829;;118,6233651;118,6233651;;0;0;0;0;;;0;;;;;;;;;;;
1649338715379;0,800000012;2,304826498;;132,0568308;132,0568308;;0;145;0;0;;;145;;;;;;;;;;;
1649338715885;0,800000012;2,304826498;;132,0568308;132,0568308;;0;145;0;0;;;145;;;;;;;;;;;
1649338716392;0,800000012;2,161279917;;123,8322176;123,8322176;;0;145;0;0;;;145;;;;;;;;;;;
1649338716937;0,800000012;2,161279917;;123,8322176;123,8322176;;0;145;0;0;;;145;;;;;;;;;;;
1649338717579;0,800000012;2,280178785;;130,6446209;130,6446209;;0;145;0;0;;;145;;;;;;;;;;;
1649338718104;0,800000012;2,280178785;;130,6446209;130,6446209;;0;145;0;0;;;145;;;;;;;;;;;
1649338718532;0,800000012;2,433530569;;139,4310309;139,4310309;;0;145;0;0;;;145;;;;;;;;;;;
1649338719039;0,800000012;2,433530569;;139,4310309;139,4310309;;0;145;0;0;;;145;;;;;;;;;;;
1649338719584;0,800000012;2,550339222;;146,1236737;146,1236737;;0;0;0;0;;;0;;;;;;;;;;;
1649338720089;0,800000012;2,550339222;;146,1236737;146,1236737;;0;0;0;0;;;0;;;;;;;;;;;
1649338720615;0,800000012;2,429460049;;139,1978073;139,1978073;;0;145;0;0;;;145;;;;;;;;;;;
1649338721141;0,800000012;2,429460049;;139,1978073;139,1978073;;0;145;0;0;;;145;;;;;;;;;;;
1649338721647;0,800000012;2,304028273;;132,0110959;132,0110959;;0;145;0;0;;;145;;;;;;;;;;;
1649338722192;0,800000012;2,304028273;;132,0110959;132,0110959;;0;145;0;0;;;145;;;;;;;;;;;
1649338722698;0,800000012;2,221277475;;127,2698245;127,2698245;;0;145;0;0;;;145;;;;;;;;;;;
1649338723261;0,800000012;2,159997225;;123,7587247;123,7587247;;0;145;0;0;;;145;;;;;;;;;;;
1649338723846;0,800000012;2,159997225;;123,7587247;123,7587247;;0;145;0;0;;;145;;;;;;;;;;;
1649338724215;0,800000012;2,524133444;;144,6221933;144,6221933;;0;0;0;0;;;0;;;;;;;;;;;
1649338724759;0,800000012;2,524133444;;144,6221933;144,6221933;;0;0;0;0;;;0;;;;;;;;;;;
1649338725286;0,800000012;2,419977665;;138,6545067;138,6545067;;0;145;0;0;;;145;;;;;;;;;;;
1649338725810;0,800000012;2,419977665;;138,6545067;138,6545067;;0;145;0;0;;;145;;;;;;;;;;;
1649338726454;0,800000012;2,921634912;;167,3973498;167,3973498;;0;0;0;0;;;0;;;;;;;;;;;
1649338726862;0,800000012;2,921634912;;167,3973498;167,3973498;;0;0;0;0;;;0;;;;;;;;;;;
1649338727427;0,800000012;-2,912648439;;193,1175372;-166,8824628;;0;0;0;0;;;0;;;;;;;;;;;
1649338727912;0,800000012;-2,912648439;;193,1175372;-166,8824628;;0;0;0;0;;;0;;;;;;;;;;;
1649338728379;0,800000012;-2,64193368;;208,6283504;-151,3716496;;-124;0;0;0;;;-124;;;;;;;;;;;
1649338728944;0,800000012;-2,64193368;;208,6283504;-151,3716496;;-124;0;0;0;;;-124;;;;;;;;;;;
1649338729548;0,800000012;-2,183550358;;234,8917801;-125,1082199;;-124;0;0;0;;;-124;;;;;;;;;;;
1649338730073;0,800000012;-2,183550358;;234,8917801;-125,1082199;;-124;0;0;0;;;-124;;;;;;;;;;;
1649338730481;0,800000012;-2,221661329;;232,7081823;-127,2918177;;-124;0;0;0;;;-124;;;;;;;;;;;
1649338730987;0,800000012;-2,221661329;;232,7081823;-127,2918177;;-124;0;0;0;;;-124;;;;;;;;;;;
1649338731494;0,800000012;-1,788038015;;257,5529681;-102,4470319;;0;0;0;0;;;0;;;;;;;;;;;
1649338732039;0,800000012;-1,788038015;;257,5529681;-102,4470319;;0;0;0;0;;;0;;;;;;;;;;;
1649338732545;0,800000012;-1,522714615;;272,7548792;-87,24512083;;0;0;0;0;;;0;;;;;;;;;;;
1649338733069;0,800000012;-1,522714615;;272,7548792;-87,24512083;;0;0;0;0;;;0;;;;;;;;;;;
1649338733614;0,800000012;-2,163626909;;236,0333097;-123,9666903;;-124;0;0;0;;;-124;;;;;;;;;;;
1649338734218;0,800000012;-2,163626909;;236,0333097;-123,9666903;;-124;0;0;0;;;-124;;;;;;;;;;;
1649338734587;0,800000012;-2,171999454;;235,5535982;-124,4464018;;-124;0;0;0;;;-124;;;;;;;;;;;
1649338735094;0,800000012;-2,355659723;;225,0306399;-134,9693601;;-124;0;0;0;;;-124;;;;;;;;;;;
1649338735620;0,800000012;-2,355659723;;225,0306399;-134,9693601;;-124;0;0;0;;;-124;;;;;;;;;;;
1649338736144;0,800000012;-2,245256424;;231,356283;-128,643717;;-124;0;0;0;;;-124;;;;;;;;;;;
1649338736650;0,800000012;-2,245256424;;231,356283;-128,643717;;-124;0;0;0;;;-124;;;;;;;;;;;
1649338737196;0,800000012;-1,953731537;;248,0594286;-111,9405714;;0;0;0;0;;;0;;;;;;;;;;;
1649338737702;0,800000012;-1,953731537;;248,0594286;-111,9405714;;0;0;0;0;;;0;;;;;;;;;;;
1649338738343;0,800000012;-1,81999433;;255,7220061;-104,2779939;;0;0;0;0;;;0;;;;;;;;;;;
1649338738792;0,800000012;-1,81999433;;255,7220061;-104,2779939;;0;0;0;0;;;0;;;;;;;;;;;
1649338739298;0,800000012;-1,841935873;;254,4648483;-105,5351517;;0;0;0;0;;;0;;;;;;;;;;;
1649338739900;0,800000012;-1,841935873;;254,4648483;-105,5351517;;0;0;0;0;;;0;;;;;;;;;;;
1649338740348;0,800000012;-1,761970282;;259,0465392;-100,9534608;;0;0;0;0;;;0;;;;;;;;;;;
1649338740893;0,800000012;-1,761970282;;259,0465392;-100,9534608;;0;0;0;0;;;0;;;;;;;;;;;
1649338741341;0,800000012;-1,406278491;;279,4261776;-80,57382236;;0;0;0;0;;;0;;;;;;;;;;;
1649338741885;0,800000012;-1,406278491;;279,4261776;-80,57382236;;0;0;0;0;;;0;;;;;;;;;;;
1649338742392;0,800000012;-0,91400975;;307,6310989;-52,3689011;;0;0;0;-35;;;-35;;;;;;;;;;;
1649338743014;0,800000012;-0,91400975;;307,6310989;-52,3689011;;0;0;0;-35;;;-35;;;;;;;;;;;
1649338743463;0,800000012;-0,092093155;;354,7234509;-5,276549091;;0;0;0;0;;;0;;;;;;;;;;;
1649338743968;0,800000012;-0,092093155;;354,7234509;-5,276549091;;0;0;0;0;;;0;;;;;;;;;;;
1649338744493;0,800000012;-1,115190268;;296,1043043;-63,89569569;;0;0;0;0;;;0;;;;;;;;;;;
1649338745039;0,800000012;-1,115190268;;296,1043043;-63,89569569;;0;0;0;0;;;0;;;;;;;;;;;
1649338745564;0,800000012;-0,519510329;;330,2342507;-29,76574925;;0;0;0;-35;;;-35;;;;;;;;;;;
1649338746167;0,800000012;-0,519510329;;330,2342507;-29,76574925;;0;0;0;-35;;;-35;;;;;;;;;;;
1649338746614;0,800000012;-0,652302861;;322,6257991;-37,37420091;;0;0;0;-35;;;-35;;;;;;;;;;;
1649338747219;0,800000012;-0,652302861;;322,6257991;-37,37420091;;0;0;0;-35;;;-35;;;;;;;;;;;
1649338747685;0,800000012;-0,75268805;;316,8741514;-43,12584857;;0;0;0;-35;;;-35;;;;;;;;;;;
1649338748153;0,800000012;-0,898551822;;308,5167729;-51,48322706;;0;0;0;-35;;;-35;;;;;;;;;;;
1649338748716;0,800000012;-0,898551822;;308,5167729;-51,48322706;;0;0;0;-35;;;-35;;;;;;;;;;;
1649338749203;0,800000012;-0,58744055;;326,3421358;-33,65786425;;0;0;0;-35;;;-35;;;;;;;;;;;
1649338749748;0,800000012;-0,58744055;;326,3421358;-33,65786425;;0;0;0;-35;;;-35;;;;;;;;;;;
1649338750215;0,800000012;-0,786597371;;314,9312905;-45,06870954;;0;0;0;-35;;;-35;;;;;;;;;;;
1649338750780;0,800000012;-0,786597371;;314,9312905;-45,06870954;;0;0;0;-35;;;-35;;;;;;;;;;;
1649338751286;0,800000012;-0,868269682;;310,2518117;-49,74818825;;0;0;0;-35;;;-35;;;;;;;;;;;
1649338751849;0,800000012;-0,868269682;;310,2518117;-49,74818825;;0;0;0;-35;;;-35;;;;;;;;;;;
1649338752336;0,800000012;-0,428331196;;335,4584302;-24,54156978;;0;0;0;0;;;0;;;;;;;;;;;
1649338752901;0,800000012;-0,428331196;;335,4584302;-24,54156978;;0;0;0;0;;;0;;;;;;;;;;;
1649338753368;0,800000012;-0,963792443;;304,7787607;-55,22123933;;0;0;0;0;;;0;;;;;;;;;;;
1649338753933;0,800000012;-0,963792443;;304,7787607;-55,22123933;;0;0;0;0;;;0;;;;;;;;;;;
1649338754419;0,800000012;-0,79859966;;314,2436099;-45,75639006;;0;0;0;-35;;;-35;;;;;;;;;;;
1649338754945;0,800000012;-0,79859966;;314,2436099;-45,75639006;;0;0;0;-35;;;-35;;;;;;;;;;;
1649338755430;0,800000012;-0,932241499;;306,5864966;-53,4135034;;0;0;0;-35;;;-35;;;;;;;;;;;
1649338755975;0,800000012;-0,932241499;;306,5864966;-53,4135034;;0;0;0;-35;;;-35;;;;;;;;;;;
1649338756482;0,800000012;-1,203653812;;291,0357166;-68,96428345;;0;0;0;0;;;0;;;;;;;;;;;
1649338756969;0,800000012;-1,203653812;;291,0357166;-68,96428345;;0;0;0;0;;;0;;;;;;;;;;;
1649338757475;0,800000012;-0,984851778;;303,5721497;-56,4278503;;0;0;0;0;;;0;;;;;;;;;;;
1649338758059;0,800000012;-0,984851778;;303,5721497;-56,4278503;;0;0;0;0;;;0;;;;;;;;;;;
1649338758584;0,800000012;-1,295493603;;285,7736842;-74,22631582;;0;0;0;0;;;0;;;;;;;;;;;
1649338759110;0,800000012;-1,295493603;;285,7736842;-74,22631582;;0;0;0;0;;;0;;;;;;;;;;;
1649338759595;0,800000012;-2,049657345;;242,5632847;-117,4367153;;-124;0;0;0;;;-124;;;;;;;;;;;
1649338760159;0,800000012;-2,049657345;;242,5632847;-117,4367153;;-124;0;0;0;;;-124;;;;;;;;;;;
1649338760685;0,800000012;-2,283157349;;229,18472;-130,81528;;-124;0;0;0;;;-124;;;;;;;;;;;
1649338761211;0,800000012;-2,363657236;;224,5724162;-135,4275838;;-124;0;0;0;;;-124;;;;;;;;;;;
1649338761736;0,800000012;-2,363657236;;224,5724162;-135,4275838;;-124;0;0;0;;;-124;;;;;;;;;;;
1649338762281;0,800000012;-2,155543566;;236,4964511;-123,5035489;;-124;0;0;0;;;-124;;;;;;;;;;;
1649338762767;0,800000012;-2,155543566;;236,4964511;-123,5035489;;-124;0;0;0;;;-124;;;;;;;;;;;
1649338763312;0,800000012;-2,341620445;;225,8350313;-134,1649687;;-124;0;0;0;;;-124;;;;;;;;;;;
1649338763819;0,800000012;-2,341620445;;225,8350313;-134,1649687;;-124;0;0;0;;;-124;;;;;;;;;;;
1649338764345;0,800000012;-2,475579977;;218,1597155;-141,8402845;;-124;0;0;0;;;-124;;;;;;;;;;;
1649338764890;0,800000012;-2,475579977;;218,1597155;-141,8402845;;-124;0;0;0;;;-124;;;;;;;;;;;
1649338765414;0,800000012;-2,521817684;;215,51049;-144,48951;;-124;0;0;0;;;-124;;;;;;;;;;;
1649338765940;0,800000012;-2,521817684;;215,51049;-144,48951;;-124;0;0;0;;;-124;;;;;;;;;;;
1649338766446;0,800000012;-2,066910744;;241,5747378;-118,4252622;;-124;0;0;0;;;-124;;;;;;;;;;;
1649338766932;0,800000012;-2,066910744;;241,5747378;-118,4252622;;-124;0;0;0;;;-124;;;;;;;;;;;
1649338767477;0,800000012;-2,128800631;;238,0287084;-121,9712916;;-124;0;0;0;;;-124;;;;;;;;;;;
1649338767984;0,800000012;-2,128800631;;238,0287084;-121,9712916;;-124;0;0;0;;;-124;;;;;;;;;;;
1649338768529;0,800000012;-1,586025119;;269,1274545;-90,87254551;;0;0;0;0;;;0;;;;;;;;;;;
1649338769073;0,800000012;-1,586025119;;269,1274545;-90,87254551;;0;0;0;0;;;0;;;;;;;;;;;
1649338769559;0,800000012;-1,940392017;;248,8237268;-111,1762732;;0;0;0;0;;;0;;;;;;;;;;;
1649338770086;0,800000012;-1,940392017;;248,8237268;-111,1762732;;0;0;0;0;;;0;;;;;;;;;;;
1649338770592;0,800000012;-2,010320425;;244,8171242;-115,1828758;;0;0;0;0;;;0;;;;;;;;;;;
1649338771116;0,800000012;-2,010320425;;244,8171242;-115,1828758;;0;0;0;0;;;0;;;;;;;;;;;
1649338771662;0,800000012;-1,811138988;;256,2293799;-103,7706201;;0;0;0;0;;;0;;;;;;;;;;;
1649338772265;0,800000012;-1,892821431;;251,5493206;-108,4506794;;0;0;0;0;;;0;;;;;;;;;;;
1649338772790;0,800000012;-1,892821431;;251,5493206;-108,4506794;;0;0;0;0;;;0;;;;;;;;;;;
1649338773297;0,800000012;-1,874659419;;252,5899273;-107,4100727;;0;0;0;0;;;0;;;;;;;;;;;
1649338773745;0,800000012;-1,874659419;;252,5899273;-107,4100727;;0;0;0;0;;;0;;;;;;;;;;;
1649338774230;0,800000012;-2,100945711;;239,6246778;-120,3753222;;-124;0;0;0;;;-124;;;;;;;;;;;
1649338774775;0,800000012;-2,100945711;;239,6246778;-120,3753222;;-124;0;0;0;;;-124;;;;;;;;;;;
1649338775339;0,800000012;-2,410653353;;221,879737;-138,120263;;-124;0;0;0;;;-124;;;;;;;;;;;
1649338775982;0,800000012;-2,410653353;;221,879737;-138,120263;;-124;0;0;0;;;-124;;;;;;;;;;;
1649338776352;0,800000012;-2,972815514;;189,6702178;-170,3297822;;0;0;0;0;;;0;;;;;;;;;;;
1649338776917;0,800000012;-2,972815514;;189,6702178;-170,3297822;;0;0;0;0;;;0;;;;;;;;;;;
1649338777423;0,800000012;2,932429314;;168,0158234;168,0158234;;0;0;0;0;;;0;;;;;;;;;;;
1649338777928;0,800000012;2,932429314;;168,0158234;168,0158234;;0;0;0;0;;;0;;;;;;;;;;;
1649338778434;0,800000012;2,44267416;;139,9549201;139,9549201;;0;145;0;0;;;145;;;;;;;;;;;
1649338778959;0,800000012;2,44267416;;139,9549201;139,9549201;;0;145;0;0;;;145;;;;;;;;;;;
1649338779447;0,800000012;2,338837624;;134,0055248;134,0055248;;0;145;0;0;;;145;;;;;;;;;;;
1649338779953;0,800000012;2,338837624;;134,0055248;134,0055248;;0;145;0;0;;;145;;;;;;;;;;;
1649338780458;0,800000012;2,193918228;;125,7022551;125,7022551;;0;145;0;0;;;145;;;;;;;;;;;
1649338781101;0,800000012;2,193918228;;125,7022551;125,7022551;;0;145;0;0;;;145;;;;;;;;;;;
1649338781490;0,800000012;2,386404276;;136,7308932;136,7308932;;0;145;0;0;;;145;;;;;;;;;;;
1649338782113;0,800000012;2,386404276;;136,7308932;136,7308932;;0;145;0;0;;;145;;;;;;;;;;;
1649338782502;0,800000012;2,067227364;;118,4434032;118,4434032;;0;0;0;0;;;0;;;;;;;;;;;
1649338783027;0,800000012;2,067227364;;118,4434032;118,4434032;;0;0;0;0;;;0;;;;;;;;;;;
1649338783534;0,800000012;2,514868498;;144,091351;144,091351;;0;0;0;0;;;0;;;;;;;;;;;
1649338784040;0,800000012;2,514868498;;144,091351;144,091351;;0;0;0;0;;;0;;;;;;;;;;;
1649338784546;0,800000012;2,207859039;;126,5010047;126,5010047;;0;145;0;0;;;145;;;;;;;;;;;
1649338785110;0,800000012;2,207859039;;126,5010047;126,5010047;;0;145;0;0;;;145;;;;;;;;;;;
1649338785597;0,800000012;2,313267946;;132,5404902;132,5404902;;0;145;0;0;;;145;;;;;;;;;;;
1649338786141;0,800000012;2,313267946;;132,5404902;132,5404902;;0;145;0;0;;;145;;;;;;;;;;;
1649338786589;0,800000012;2,441231966;;139,8722885;139,8722885;;0;145;0;0;;;145;;;;;;;;;;;
1649338787173;0,800000012;2,441231966;;139,8722885;139,8722885;;0;145;0;0;;;145;;;;;;;;;;;
1649338787679;0,800000012;1,878577948;;107,6345879;107,6345879;;0;0;0;0;;;0;;;;;;;;;;;
1649338788203;0,800000012;1,878577948;;107,6345879;107,6345879;;0;0;0;0;;;0;;;;;;;;;;;
1649338788729;0,800000012;2,36197567;;135,3312372;135,3312372;;0;145;0;0;;;145;;;;;;;;;;;
1649338789215;0,800000012;2,118662596;;121,3904249;121,3904249;;0;145;0;0;;;145;;;;;;;;;;;
1649338789722;0,800000012;2,118662596;;121,3904249;121,3904249;;0;145;0;0;;;145;;;;;;;;;;;
1649338790228;0,800000012;2,179243088;;124,8614315;124,8614315;;0;145;0;0;;;145;;;;;;;;;;;
1649338790695;0,800000012;2,179243088;;124,8614315;124,8614315;;0;145;0;0;;;145;;;;;;;;;;;
1649338791260;0,800000012;2,179243088;;124,8614315;124,8614315;;0;145;0;0;;;145;;;;;;;;;;;
1649338791765;0,800000012;2,160681248;;123,7979164;123,7979164;;0;145;0;0;;;145;;;;;;;;;;;
1649338792311;0,800000012;2,122457504;;121,6078572;121,6078572;;0;145;0;0;;;145;;;;;;;;;;;
1649338792777;0,800000012;2,122457504;;121,6078572;121,6078572;;0;145;0;0;;;145;;;;;;;;;;;
1649338793341;0,800000012;2,141572475;;122,7030644;122,7030644;;0;145;0;0;;;145;;;;;;;;;;;
1649338793808;0,800000012;2,141572475;;122,7030644;122,7030644;;0;145;0;0;;;145;;;;;;;;;;;
1649338794354;0,800000012;2,473866224;;141,7420937;141,7420937;;0;145;0;0;;;145;;;;;;;;;;;
1649338794898;0,800000012;2,473866224;;141,7420937;141,7420937;;0;145;0;0;;;145;;;;;;;;;;;
1649338795404;0,800000012;2,410604715;;138,1174763;138,1174763;;0;145;0;0;;;145;;;;;;;;;;;
1649338795891;0,800000012;2,410604715;;138,1174763;138,1174763;;0;145;0;0;;;145;;;;;;;;;;;
1649338796417;0,800000012;2,055024147;;117,7442104;117,7442104;;0;0;0;0;;;0;;;;;;;;;;;
1649338796941;0,800000012;2,055024147;;117,7442104;117,7442104;;0;0;0;0;;;0;;;;;;;;;;;
1649338797487;0,800000012;2,468240261;;141,4197498;141,4197498;;0;145;0;0;;;145;;;;;;;;;;;
1649338797993;0,800000012;2,468240261;;141,4197498;141,4197498;;0;145;0;0;;;145;;;;;;;;;;;
1649338798538;0,800000012;2,351774693;;134,7467642;134,7467642;;0;145;0;0;;;145;;;;;;;;;;;
1649338799064;0,800000012;2,351774693;;134,7467642;134,7467642;;0;145;0;0;;;145;;;;;;;;;;;
1649338799588;0,800000012;2,524254799;;144,6291464;144,6291464;;0;0;0;0;;;0;;;;;;;;;;;
1649338800094;0,800000012;2,524254799;;144,6291464;144,6291464;;0;0;0;0;;;0;;;;;;;;;;;
1649338800640;0,800000012;2,582927227;;147,9908289;147,9908289;;0;0;0;0;;;0;;;;;;;;;;;
1649338801127;0,800000012;2,582927227;;147,9908289;147,9908289;;0;0;0;0;;;0;;;;;;;;;;;
1649338801709;0,800000012;2,648456097;;151,7453566;151,7453566;;0;0;0;0;;;0;;;;;;;;;;;
1649338802196;0,800000012;2,648456097;;151,7453566;151,7453566;;0;0;0;0;;;0;;;;;;;;;;;
1649338802761;0,800000012;2,229101419;;127,7181034;127,7181034;;0;145;0;0;;;145;;;;;;;;;;;
1649338803228;0,800000012;2,304753542;;132,0526508;132,0526508;;0;145;0;0;;;145;;;;;;;;;;;
1649338803812;0,800000012;2,304753542;;132,0526508;132,0526508;;0;145;0;0;;;145;;;;;;;;;;;
1649338804299;0,800000012;2,250488043;;128,9434667;128,9434667;;0;145;0;0;;;145;;;;;;;;;;;
1649338804843;0,800000012;2,250488043;;128,9434667;128,9434667;;0;145;0;0;;;145;;;;;;;;;;;
1649338805350;0,800000012;2,36367321;;135,4284991;135,4284991;;0;145;0;0;;;145;;;;;;;;;;;
1649338805914;0,800000012;2,36367321;;135,4284991;135,4284991;;0;145;0;0;;;145;;;;;;;;;;;
1649338806419;0,800000012;2,463182449;;141,1299585;141,1299585;;0;145;0;0;;;145;;;;;;;;;;;
1649338806983;0,800000012;2,463182449;;141,1299585;141,1299585;;0;145;0;0;;;145;;;;;;;;;;;
1649338807489;0,800000012;2,474868298;;141,7995083;141,7995083;;0;145;0;0;;;145;;;;;;;;;;;
1649338808151;0,800000012;2,474868298;;141,7995083;141,7995083;;0;145;0;0;;;145;;;;;;;;;;;
1649338808540;0,800000012;2,396328211;;137,2994928;137,2994928;;0;145;0;0;;;145;;;;;;;;;;;
1649338809106;0,800000012;2,396328211;;137,2994928;137,2994928;;0;145;0;0;;;145;;;;;;;;;;;
1649338809630;0,800000012;2,350632429;;134,6813174;134,6813174;;0;145;0;0;;;145;;;;;;;;;;;
1649338810273;0,800000012;2,350632429;;134,6813174;134,6813174;;0;145;0;0;;;145;;;;;;;;;;;
1649338810798;0,800000012;2,476153612;;141,8731514;141,8731514;;0;145;0;0;;;145;;;;;;;;;;;
1649338811343;0,800000012;2,476153612;;141,8731514;141,8731514;;0;145;0;0;;;145;;;;;;;;;;;
1649338811713;0,800000012;2,476153612;;141,8731514;141,8731514;;0;145;0;0;;;145;;;;;;;;;;;
1649338812277;0,800000012;2,476153612;;141,8731514;141,8731514;;0;145;0;0;;;145;;;;;;;;;;;
1649338812919;0,800000012;1,919655561;;109,9881618;109,9881618;;0;0;0;0;;;0;;;;;;;;;;;
1649338813484;0,800000012;1,914202094;;109,6757011;109,6757011;;0;0;0;0;;;0;;;;;;;;;;;
1649338813970;0,800000012;1,914202094;;109,6757011;109,6757011;;0;0;0;0;;;0;;;;;;;;;;;
1649338814535;0,800000012;1,407032013;;80,61699598;80,61699598;;0;0;0;0;;;0;;;;;;;;;;;
1649338814925;0,800000012;1,407032013;;80,61699598;80,61699598;;0;0;0;0;;;0;;;;;;;;;;;
1649338815488;0,800000012;1,578707099;;90,45325386;90,45325386;;0;0;0;0;;;0;;;;;;;;;;;
1649338816052;0,800000012;1,578707099;;90,45325386;90,45325386;;0;0;0;0;;;0;;;;;;;;;;;
1649338816656;0,800000012;1,368816972;;78,42743541;78,42743541;;0;0;0;0;;;0;;;;;;;;;;;
1649338817064;0,800000012;1,368816972;;78,42743541;78,42743541;;0;0;0;0;;;0;;;;;;;;;;;
1649338817610;0,800000012;1,472697616;;84,37935787;84,37935787;;0;0;0;0;;;0;;;;;;;;;;;
1649338818058;0,800000012;1,472697616;;84,37935787;84,37935787;;0;0;0;0;;;0;;;;;;;;;;;
1649338818641;0,800000012;1,193152308;;68,36259159;68,36259159;;0;0;0;0;;;0;;;;;;;;;;;
1649338819109;0,800000012;1,193152308;;68,36259159;68,36259159;;0;0;0;0;;;0;;;;;;;;;;;
1649338819769;0,800000012;1,11192143;;63,70840507;63,70840507;;0;0;0;0;;;0;;;;;;;;;;;
1649338820159;0,800000012;1,11192143;;63,70840507;63,70840507;;0;0;0;0;;;0;;;;;;;;;;;
1649338820723;0,800000012;1,146298289;;65,67805404;65,67805404;;0;0;0;0;;;0;;;;;;;;;;;
1649338821190;0,800000012;0,898052752;;51,45463247;51,45463247;;0;0;56;0;;;56;;;;;;;;;;;
1649338821775;0,800000012;0,898052752;;51,45463247;51,45463247;;0;0;56;0;;;56;;;;;;;;;;;
1649338822242;0,800000012;0,882007062;;50,53528218;50,53528218;;0;0;56;0;;;56;;;;;;;;;;;
1649338822805;0,800000012;0,882007062;;50,53528218;50,53528218;;0;0;56;0;;;56;;;;;;;;;;;
1649338823292;0,800000012;1,058890462;;60,66995443;60,66995443;;0;0;0;0;;;0;;;;;;;;;;;
1649338823973;0,800000012;1,058890462;;60,66995443;60,66995443;;0;0;0;0;;;0;;;;;;;;;;;
1649338824499;0,800000012;1,163620472;;66,670542;66,670542;;0;0;0;0;;;0;;;;;;;;;;;
1649338825044;0,800000012;1,163620472;;66,670542;66,670542;;0;0;0;0;;;0;;;;;;;;;;;
1649338825452;0,800000012;0,670480072;;38,4156784;38,4156784;;0;0;56;0;;;56;;;;;;;;;;;
1649338826094;0,800000012;0,670480072;;38,4156784;38,4156784;;0;0;56;0;;;56;;;;;;;;;;;
1649338826465;0,800000012;0,924386859;;52,96346565;52,96346565;;0;0;56;0;;;56;;;;;;;;;;;
1649338827009;0,800000012;0,924386859;;52,96346565;52,96346565;;0;0;56;0;;;56;;;;;;;;;;;
1649338827535;0,800000012;0,909572721;;52,11467805;52,11467805;;0;0;56;0;;;56;;;;;;;;;;;
1649338828079;0,800000012;0,909572721;;52,11467805;52,11467805;;0;0;56;0;;;56;;;;;;;;;;;
1649338828566;0,800000012;0,813082278;;46,58618291;46,58618291;;0;0;56;0;;;56;;;;;;;;;;;
1649338829131;0,800000012;0,813082278;;46,58618291;46,58618291;;0;0;56;0;;;56;;;;;;;;;;;
1649338829618;0,800000012;0,677534759;;38,81988217;38,81988217;;0;0;56;0;;;56;;;;;;;;;;;
1649338830279;0,800000012;0,677534759;;38,81988217;38,81988217;;0;0;56;0;;;56;;;;;;;;;;;
1649338830804;0,800000012;0,810551345;;46,44117117;46,44117117;;0;0;56;0;;;56;;;;;;;;;;;
1649338831350;0,800000012;0,671286047;;38,46185731;38,46185731;;0;0;56;0;;;56;;;;;;;;;;;
1649338831874;0,800000012;0,671286047;;38,46185731;38,46185731;;0;0;56;0;;;56;;;;;;;;;;;
1649338832419;0,800000012;0,802617133;;45,98657427;45,98657427;;0;0;56;0;;;56;;;;;;;;;;;
1649338832925;0,800000012;0,802617133;;45,98657427;45,98657427;;0;0;56;0;;;56;;;;;;;;;;;
1649338833373;0,800000012;0,928681493;;53,20953005;53,20953005;;0;0;56;0;;;56;;;;;;;;;;;
1649338833859;0,800000012;0,928681493;;53,20953005;53,20953005;;0;0;56;0;;;56;;;;;;;;;;;
1649338834424;0,800000012;0,95807606;;54,89371468;54,89371468;;0;0;56;0;;;56;;;;;;;;;;;
1649338834911;0,800000012;0,95807606;;54,89371468;54,89371468;;0;0;56;0;;;56;;;;;;;;;;;
1649338835476;0,800000012;0,844708681;;48,39824235;48,39824235;;0;0;56;0;;;56;;;;;;;;;;;
1649338836117;0,800000012;0,844708681;;48,39824235;48,39824235;;0;0;56;0;;;56;;;;;;;;;;;
1649338836527;0,800000012;0,928974926;;53,22634256;53,22634256;;0;0;56;0;;;56;;;;;;;;;;;
1649338837090;0,800000012;0,928974926;;53,22634256;53,22634256;;0;0;56;0;;;56;;;;;;;;;;;
1649338837596;0,800000012;0,907844305;;52,01564713;52,01564713;;0;0;56;0;;;56;;;;;;;;;;;
1649338838122;0,800000012;0,907844305;;52,01564713;52,01564713;;0;0;56;0;;;56;;;;;;;;;;;
1649338838764;0,800000012;0,761539996;;43,63302768;43,63302768;;0;0;56;0;;;56;;;;;;;;;;;
1649338839153;0,800000012;0,808455646;;46,32109644;46,32109644;;0;0;56;0;;;56;;;;;;;;;;;
1649338839679;0,800000012;0,808455646;;46,32109644;46,32109644;;0;0;56;0;;;56;;;;;;;;;;;
1649338840184;0,800000012;0,720626712;;41,28886919;41,28886919;;0;0;56;0;;;56;;;;;;;;;;;
1649338840749;0,800000012;0,720626712;;41,28886919;41,28886919;;0;0;56;0;;;56;;;;;;;;;;;
1649338841274;0,800000012;0,963282347;;55,19201295;55,19201295;;0;0;0;0;;;0;;;;;;;;;;;
1649338841917;0,800000012;0,963282347;;55,19201295;55,19201295;;0;0;0;0;;;0;;;;;;;;;;;
1649338842325;0,800000012;0,841077924;;48,19021527;48,19021527;;0;0;56;0;;;56;;;;;;;;;;;
1649338843006;0,800000012;0,841077924;;48,19021527;48,19021527;;0;0;56;0;;;56;;;;;;;;;;;
1649338843395;0,800000012;0,906122863;;51,91701579;51,91701579;;0;0;56;0;;;56;;;;;;;;;;;
1649338844057;0,800000012;0,906122863;;51,91701579;51,91701579;;0;0;56;0;;;56;;;;;;;;;;;
1649338844486;0,800000012;0,747824013;;42,84715978;42,84715978;;0;0;56;0;;;56;;;;;;;;;;;
1649338845109;0,800000012;0,747824013;;42,84715978;42,84715978;;0;0;56;0;;;56;;;;;;;;;;;
1649338845479;0,800000012;0,64851743;;37,15731167;37,15731167;;0;0;56;0;;;56;;;;;;;;;;;
1649338846023;0,800000012;0,64851743;;37,15731167;37,15731167;;0;0;56;0;;;56;;;;;;;;;;;
1649338846529;0,800000012;0,530106604;;30,37287111;30,37287111;;0;0;0;0;;;0;;;;;;;;;;;
1649338847171;0,800000012;0,530106604;;30,37287111;30,37287111;;0;0;0;0;;;0;;;;;;;;;;;
1649338847561;0,800000012;0,521022439;;29,85238679;29,85238679;;0;0;0;0;;;0;;;;;;;;;;;
1649338848163;0,800000012;0,521022439;;29,85238679;29,85238679;;0;0;0;0;;;0;;;;;;;;;;;
1649338848767;0,800000012;0,514850438;;29,49875716;29,49875716;;0;0;0;0;;;0;;;;;;;;;;;
1649338849272;0,800000012;0,703465343;;40,30559516;40,30559516;;0;0;56;0;;;56;;;;;;;;;;;
1649338849760;0,800000012;0,703465343;;40,30559516;40,30559516;;0;0;56;0;;;56;;;;;;;;;;;
1649338850305;0,800000012;0,685693026;;39,28731641;39,28731641;;0;0;56;0;;;56;;;;;;;;;;;
1649338850752;0,800000012;0,685693026;;39,28731641;39,28731641;;0;0;56;0;;;56;;;;;;;;;;;
1649338851296;0,800000012;0,299673378;;17,17001982;17,17001982;;0;0;0;0;;;0;;;;;;;;;;;
1649338851901;0,800000012;0,299673378;;17,17001982;17,17001982;;0;0;0;0;;;0;;;;;;;;;;;
1649338852465;0,800000012;1,578058004;;90,41606348;90,41606348;;0;0;0;0;;;0;;;;;;;;;;;
1649338853049;0,800000012;1,578058004;;90,41606348;90,41606348;;0;0;0;0;;;0;;;;;;;;;;;
1649338853574;0,800000012;2,304825544;;132,0567762;132,0567762;;0;145;0;0;;;145;;;;;;;;;;;
1649338854139;0,800000012;2,304825544;;132,0567762;132,0567762;;0;145;0;0;;;145;;;;;;;;;;;
1649338854722;0,800000012;2,622815847;;150,2762785;150,2762785;;0;0;0;0;;;0;;;;;;;;;;;
